curve_id,source_doi,w_pct,rho_d_Mgm3
curve_0002,10.14525/jjce.v19i1.10,22.822,1.4139
curve_0002,10.14525/jjce.v19i1.10,24.01,1.4511
curve_0002,10.14525/jjce.v19i1.10,26.714,1.3845
curve_0002,10.14525/jjce.v19i1.10,28.434,1.3326
curve_0003,10.14525/jjce.v19i1.10,12.189,1.5042
curve_0003,10.14525/jjce.v19i1.10,16.317,1.5633
curve_0003,10.14525/jjce.v19i1.10,21.443,1.471
curve_0003,10.14525/jjce.v19i1.10,24.293,1.4336
curve_0004,10.14525/jjce.v19i1.10,11.545,1.56
curve_0004,10.14525/jjce.v19i1.10,14.726,1.6292
curve_0004,10.14525/jjce.v19i1.10,17.778,1.5447
curve_0004,10.14525/jjce.v19i1.10,20.312,1.4981
curve_0005,10.14525/jjce.v19i1.10,10.397,1.5588
curve_0005,10.14525/jjce.v19i1.10,13.992,1.6497
curve_0005,10.14525/jjce.v19i1.10,18.854,1.5489
curve_0005,10.14525/jjce.v19i1.10,21.61,1.4875
curve_0006,10.14525/jjce.v19i1.10,12.082,1.6277
curve_0006,10.14525/jjce.v19i1.10,16.159,1.643
curve_0006,10.14525/jjce.v19i1.10,19.341,1.5776
curve_0006,10.14525/jjce.v19i1.10,21.063,1.5221
curve_0007,10.56726/irjmets44189,8.249,1.6991
curve_0007,10.56726/irjmets44189,10.819,1.869
curve_0007,10.56726/irjmets44189,12.178,1.9248
curve_0007,10.56726/irjmets44189,14.408,1.8158
curve_0008,10.56726/irjmets44189,8.759,1.6746
curve_0008,10.56726/irjmets44189,9.949,1.7983
curve_0008,10.56726/irjmets44189,12.678,1.8399
curve_0008,10.56726/irjmets44189,13.848,1.793
curve_0009,10.34117/bjdv11n5-028,27.367,1.2741
curve_0009,10.34117/bjdv11n5-028,28.2,1.3244
curve_0009,10.34117/bjdv11n5-028,30.088,1.3555
curve_0009,10.34117/bjdv11n5-028,32.354,1.3169
curve_0010,10.21660/2020.77.24546,11.498,1.7602
curve_0010,10.21660/2020.77.24546,12.598,1.7802
curve_0010,10.21660/2020.77.24546,13.198,1.7902
curve_0010,10.21660/2020.77.24546,14.198,1.7982
curve_0010,10.21660/2020.77.24546,15.597,1.7702
curve_0011,,11.77,1.2778
curve_0011,,20.959,1.2895
curve_0011,,30.109,1.3384
curve_0011,,39.259,1.3139
curve_0012,10.28991/cej-2019-03091277,8.373,1.5128
curve_0012,10.28991/cej-2019-03091277,12.499,1.5966
curve_0012,10.28991/cej-2019-03091277,16.97,1.762
curve_0012,10.28991/cej-2019-03091277,17.625,1.7773
curve_0012,10.28991/cej-2019-03091277,21.732,1.6565
curve_0012,10.28991/cej-2019-03091277,24.061,1.5921
curve_0013,10.28991/cej-2019-03091277,12.545,1.5812
curve_0013,10.28991/cej-2019-03091277,14.242,1.7123
curve_0013,10.28991/cej-2019-03091277,18.093,1.7604
curve_0013,10.28991/cej-2019-03091277,27.531,1.6196
curve_0014,10.28991/cej-2019-03091277,10.317,1.5106
curve_0014,10.28991/cej-2019-03091277,13.042,1.6107
curve_0014,10.28991/cej-2019-03091277,18.791,1.7407
curve_0014,10.28991/cej-2019-03091277,22.447,1.6512
curve_0014,10.28991/cej-2019-03091277,23.987,1.6007
curve_0015,10.28991/cej-2019-03091277,9.704,1.4627
curve_0015,10.28991/cej-2019-03091277,12.963,1.5798
curve_0015,10.28991/cej-2019-03091277,19.005,1.7216
curve_0015,10.28991/cej-2019-03091277,22.561,1.6479
curve_0015,10.28991/cej-2019-03091277,26.305,1.5463
curve_0016,10.20961/ijcee.v9i1.64990,6.984,1.8072
curve_0016,10.20961/ijcee.v9i1.64990,8.979,1.8542
curve_0016,10.20961/ijcee.v9i1.64990,10.983,1.877
curve_0016,10.20961/ijcee.v9i1.64990,12.983,1.8361
curve_0016,10.20961/ijcee.v9i1.64990,14.978,1.7812
curve_0017,10.1051/e3sconf/20199218002,21.258,1.5832
curve_0017,10.1051/e3sconf/20199218002,21.645,1.5851
curve_0017,10.1051/e3sconf/20199218002,22.055,1.586
curve_0017,10.1051/e3sconf/20199218002,22.442,1.5865
curve_0017,10.1051/e3sconf/20199218002,22.852,1.586
curve_0017,10.1051/e3sconf/20199218002,23.24,1.5846
curve_0017,10.1051/e3sconf/20199218002,23.65,1.5828
curve_0017,10.1051/e3sconf/20199218002,24.037,1.5795
curve_0017,10.1051/e3sconf/20199218002,24.448,1.5762
curve_0017,10.1051/e3sconf/20199218002,24.835,1.5721
curve_0017,10.1051/e3sconf/20199218002,25.245,1.5674
curve_0017,10.1051/e3sconf/20199218002,25.633,1.5618
curve_0017,10.1051/e3sconf/20199218002,26.043,1.5562
curve_0017,10.1051/e3sconf/20199218002,26.43,1.5497
curve_0017,10.1051/e3sconf/20199218002,26.817,1.5432
curve_0017,10.1051/e3sconf/20199218002,27.227,1.5357
curve_0017,10.1051/e3sconf/20199218002,27.615,1.5287
curve_0017,10.1051/e3sconf/20199218002,28.025,1.5204
curve_0017,10.1051/e3sconf/20199218002,28.412,1.5125
curve_0017,10.1051/e3sconf/20199218002,28.822,1.5041
curve_0017,10.1051/e3sconf/20199218002,29.209,1.4957
curve_0017,10.1051/e3sconf/20199218002,29.62,1.4869
curve_0017,10.1051/e3sconf/20199218002,30.007,1.478
curve_0017,10.1051/e3sconf/20199218002,30.417,1.4687
curve_0017,10.1051/e3sconf/20199218002,30.805,1.4598
curve_0018,10.1051/e3sconf/20199218002,23.809,1.1474
curve_0018,10.1051/e3sconf/20199218002,24.379,1.1483
curve_0018,10.1051/e3sconf/20199218002,24.949,1.1488
curve_0018,10.1051/e3sconf/20199218002,25.519,1.1497
curve_0018,10.1051/e3sconf/20199218002,26.088,1.1507
curve_0018,10.1051/e3sconf/20199218002,26.681,1.1516
curve_0018,10.1051/e3sconf/20199218002,27.25,1.1525
curve_0018,10.1051/e3sconf/20199218002,27.82,1.1535
curve_0018,10.1051/e3sconf/20199218002,28.389,1.1549
curve_0018,10.1051/e3sconf/20199218002,28.959,1.1563
curve_0018,10.1051/e3sconf/20199218002,29.529,1.1577
curve_0018,10.1051/e3sconf/20199218002,30.098,1.1591
curve_0018,10.1051/e3sconf/20199218002,30.691,1.1609
curve_0018,10.1051/e3sconf/20199218002,31.26,1.1628
curve_0018,10.1051/e3sconf/20199218002,31.83,1.1647
curve_0018,10.1051/e3sconf/20199218002,32.399,1.1674
curve_0018,10.1051/e3sconf/20199218002,32.969,1.1698
curve_0018,10.1051/e3sconf/20199218002,33.538,1.1721
curve_0018,10.1051/e3sconf/20199218002,34.109,1.1749
curve_0018,10.1051/e3sconf/20199218002,34.678,1.1777
curve_0018,10.1051/e3sconf/20199218002,35.248,1.18
curve_0018,10.1051/e3sconf/20199218002,35.84,1.1833
curve_0018,10.1051/e3sconf/20199218002,36.41,1.1861
curve_0018,10.1051/e3sconf/20199218002,36.979,1.1893
curve_0018,10.1051/e3sconf/20199218002,37.549,1.1921
curve_0019,10.1051/e3sconf/20199218002,37.549,1.1921
curve_0019,10.1051/e3sconf/20199218002,38.05,1.1949
curve_0019,10.1051/e3sconf/20199218002,38.551,1.1977
curve_0019,10.1051/e3sconf/20199218002,39.053,1.2
curve_0019,10.1051/e3sconf/20199218002,39.554,1.2028
curve_0019,10.1051/e3sconf/20199218002,40.056,1.2052
curve_0019,10.1051/e3sconf/20199218002,40.557,1.207
curve_0019,10.1051/e3sconf/20199218002,41.058,1.2093
curve_0019,10.1051/e3sconf/20199218002,41.559,1.2103
curve_0019,10.1051/e3sconf/20199218002,42.06,1.2112
curve_0019,10.1051/e3sconf/20199218002,42.562,1.2112
curve_0019,10.1051/e3sconf/20199218002,43.063,1.2107
curve_0019,10.1051/e3sconf/20199218002,43.564,1.2093
curve_0019,10.1051/e3sconf/20199218002,44.043,1.2079
curve_0019,10.1051/e3sconf/20199218002,44.544,1.2047
curve_0019,10.1051/e3sconf/20199218002,45.045,1.2014
curve_0019,10.1051/e3sconf/20199218002,45.547,1.1972
curve_0019,10.1051/e3sconf/20199218002,46.048,1.1926
curve_0019,10.1051/e3sconf/20199218002,46.549,1.1875
curve_0019,10.1051/e3sconf/20199218002,47.05,1.1823
curve_0019,10.1051/e3sconf/20199218002,47.551,1.1763
curve_0019,10.1051/e3sconf/20199218002,48.052,1.1702
curve_0019,10.1051/e3sconf/20199218002,48.555,1.1637
curve_0019,10.1051/e3sconf/20199218002,49.056,1.1567
curve_0019,10.1051/e3sconf/20199218002,49.557,1.1502
curve_0020,10.1051/e3sconf/20199218002,26.248,1.4603
curve_0020,10.1051/e3sconf/20199218002,26.658,1.4608
curve_0020,10.1051/e3sconf/20199218002,27.068,1.4608
curve_0020,10.1051/e3sconf/20199218002,27.478,1.4598
curve_0020,10.1051/e3sconf/20199218002,27.888,1.4584
curve_0020,10.1051/e3sconf/20199218002,28.298,1.4561
curve_0020,10.1051/e3sconf/20199218002,28.708,1.4533
curve_0020,10.1051/e3sconf/20199218002,29.118,1.4496
curve_0020,10.1051/e3sconf/20199218002,29.529,1.4445
curve_0020,10.1051/e3sconf/20199218002,29.939,1.4393
curve_0020,10.1051/e3sconf/20199218002,30.349,1.4338
curve_0020,10.1051/e3sconf/20199218002,30.759,1.4277
curve_0020,10.1051/e3sconf/20199218002,31.169,1.4212
curve_0020,10.1051/e3sconf/20199218002,31.579,1.4147
curve_0020,10.1051/e3sconf/20199218002,31.989,1.4077
curve_0020,10.1051/e3sconf/20199218002,32.399,1.4007
curve_0020,10.1051/e3sconf/20199218002,32.809,1.3937
curve_0020,10.1051/e3sconf/20199218002,33.22,1.3867
curve_0020,10.1051/e3sconf/20199218002,33.63,1.3798
curve_0020,10.1051/e3sconf/20199218002,34.04,1.3728
curve_0020,10.1051/e3sconf/20199218002,34.451,1.3658
curve_0020,10.1051/e3sconf/20199218002,34.861,1.3583
curve_0020,10.1051/e3sconf/20199218002,35.271,1.3514
curve_0020,10.1051/e3sconf/20199218002,35.681,1.3439
curve_0020,10.1051/e3sconf/20199218002,36.091,1.3365
curve_0021,10.1051/e3sconf/20199218002,15.744,1.7252
curve_0021,10.1051/e3sconf/20199218002,15.926,1.7294
curve_0021,10.1051/e3sconf/20199218002,16.131,1.735
curve_0021,10.1051/e3sconf/20199218002,16.313,1.7401
curve_0021,10.1051/e3sconf/20199218002,16.518,1.7457
curve_0021,10.1051/e3sconf/20199218002,16.7,1.7504
curve_0021,10.1051/e3sconf/20199218002,16.906,1.755
curve_0021,10.1051/e3sconf/20199218002,17.088,1.7583
curve_0021,10.1051/e3sconf/20199218002,17.293,1.7615
curve_0021,10.1051/e3sconf/20199218002,17.475,1.7639
curve_0021,10.1051/e3sconf/20199218002,17.703,1.7648
curve_0021,10.1051/e3sconf/20199218002,17.908,1.7634
curve_0021,10.1051/e3sconf/20199218002,18.113,1.7597
curve_0021,10.1051/e3sconf/20199218002,18.295,1.7555
curve_0021,10.1051/e3sconf/20199218002,18.477,1.7504
curve_0021,10.1051/e3sconf/20199218002,18.682,1.7448
curve_0021,10.1051/e3sconf/20199218002,18.865,1.7387
curve_0021,10.1051/e3sconf/20199218002,19.07,1.7322
curve_0021,10.1051/e3sconf/20199218002,19.252,1.7266
curve_0021,10.1051/e3sconf/20199218002,19.457,1.7196
curve_0021,10.1051/e3sconf/20199218002,19.731,1.7117
curve_0021,10.1051/e3sconf/20199218002,20.187,1.6982
curve_0021,10.1051/e3sconf/20199218002,20.688,1.6829
curve_0021,10.1051/e3sconf/20199218002,21.258,1.6656
curve_0021,10.1051/e3sconf/20199218002,22.032,1.6419
curve_0022,10.1051/e3sconf/20199218002,7.404,2.0553
curve_0022,10.1051/e3sconf/20199218002,7.496,2.0572
curve_0022,10.1051/e3sconf/20199218002,7.564,2.0605
curve_0022,10.1051/e3sconf/20199218002,7.678,2.0642
curve_0022,10.1051/e3sconf/20199218002,7.769,2.0665
curve_0022,10.1051/e3sconf/20199218002,7.837,2.0693
curve_0022,10.1051/e3sconf/20199218002,7.928,2.0726
curve_0022,10.1051/e3sconf/20199218002,8.019,2.0745
curve_0022,10.1051/e3sconf/20199218002,8.088,2.0772
curve_0022,10.1051/e3sconf/20199218002,8.179,2.0796
curve_0022,10.1051/e3sconf/20199218002,8.247,2.0814
curve_0022,10.1051/e3sconf/20199218002,8.338,2.0842
curve_0022,10.1051/e3sconf/20199218002,8.43,2.0866
curve_0022,10.1051/e3sconf/20199218002,8.498,2.0884
curve_0022,10.1051/e3sconf/20199218002,8.612,2.0912
curve_0022,10.1051/e3sconf/20199218002,8.68,2.0935
curve_0022,10.1051/e3sconf/20199218002,8.771,2.0954
curve_0022,10.1051/e3sconf/20199218002,8.84,2.0963
curve_0022,10.1051/e3sconf/20199218002,8.931,2.0973
curve_0022,10.1051/e3sconf/20199218002,9.045,2.0982
curve_0022,10.1051/e3sconf/20199218002,9.09,2.0982
curve_0022,10.1051/e3sconf/20199218002,9.136,2.0982
curve_0022,10.1051/e3sconf/20199218002,10.07,2.0754
curve_0022,10.1051/e3sconf/20199218002,10.594,2.0544
curve_0022,10.1051/e3sconf/20199218002,12.463,1.9734
curve_0023,10.21203/rs.3.rs-3065693/v1,3.999,2.0793
curve_0023,10.21203/rs.3.rs-3065693/v1,5.991,2.1065
curve_0023,10.21203/rs.3.rs-3065693/v1,7.983,2.1308
curve_0023,10.21203/rs.3.rs-3065693/v1,9.975,2.0924
curve_0024,10.21203/rs.3.rs-3065693/v1,3.999,1.9852
curve_0024,10.21203/rs.3.rs-3065693/v1,5.991,2.0057
curve_0024,10.21203/rs.3.rs-3065693/v1,7.983,2.0398
curve_0024,10.21203/rs.3.rs-3065693/v1,9.975,2.0096
curve_0025,10.21203/rs.3.rs-3065693/v1,3.999,2.0763
curve_0025,10.21203/rs.3.rs-3065693/v1,4.247,2.0838
curve_0025,10.21203/rs.3.rs-3065693/v1,4.495,2.0898
curve_0025,10.21203/rs.3.rs-3065693/v1,4.743,2.0957
curve_0025,10.21203/rs.3.rs-3065693/v1,4.991,2.1002
curve_0025,10.21203/rs.3.rs-3065693/v1,5.239,2.1047
curve_0025,10.21203/rs.3.rs-3065693/v1,5.487,2.1092
curve_0025,10.21203/rs.3.rs-3065693/v1,5.735,2.1122
curve_0025,10.21203/rs.3.rs-3065693/v1,5.983,2.1152
curve_0025,10.21203/rs.3.rs-3065693/v1,6.231,2.1182
curve_0025,10.21203/rs.3.rs-3065693/v1,6.479,2.1196
curve_0025,10.21203/rs.3.rs-3065693/v1,6.727,2.1211
curve_0025,10.21203/rs.3.rs-3065693/v1,6.975,2.1226
curve_0025,10.21203/rs.3.rs-3065693/v1,7.248,2.1226
curve_0025,10.21203/rs.3.rs-3065693/v1,7.496,2.1226
curve_0025,10.21203/rs.3.rs-3065693/v1,7.744,2.1226
curve_0025,10.21203/rs.3.rs-3065693/v1,7.992,2.1211
curve_0025,10.21203/rs.3.rs-3065693/v1,8.24,2.1196
curve_0025,10.21203/rs.3.rs-3065693/v1,8.488,2.1182
curve_0025,10.21203/rs.3.rs-3065693/v1,8.736,2.1152
curve_0025,10.21203/rs.3.rs-3065693/v1,8.984,2.1122
curve_0025,10.21203/rs.3.rs-3065693/v1,9.232,2.1092
curve_0025,10.21203/rs.3.rs-3065693/v1,9.48,2.1047
curve_0025,10.21203/rs.3.rs-3065693/v1,9.727,2.1002
curve_0025,10.21203/rs.3.rs-3065693/v1,9.975,2.0957
curve_0026,10.21203/rs.3.rs-3065693/v1,3.999,1.9807
curve_0026,10.21203/rs.3.rs-3065693/v1,4.247,1.9867
curve_0026,10.21203/rs.3.rs-3065693/v1,4.495,1.9926
curve_0026,10.21203/rs.3.rs-3065693/v1,4.743,1.9971
curve_0026,10.21203/rs.3.rs-3065693/v1,4.991,2.0031
curve_0026,10.21203/rs.3.rs-3065693/v1,5.239,2.0076
curve_0026,10.21203/rs.3.rs-3065693/v1,5.487,2.0106
curve_0026,10.21203/rs.3.rs-3065693/v1,5.735,2.0151
curve_0026,10.21203/rs.3.rs-3065693/v1,5.983,2.018
curve_0026,10.21203/rs.3.rs-3065693/v1,6.231,2.021
curve_0026,10.21203/rs.3.rs-3065693/v1,6.479,2.0225
curve_0026,10.21203/rs.3.rs-3065693/v1,6.727,2.024
curve_0026,10.21203/rs.3.rs-3065693/v1,6.975,2.0255
curve_0026,10.21203/rs.3.rs-3065693/v1,7.248,2.027
curve_0026,10.21203/rs.3.rs-3065693/v1,7.496,2.0285
curve_0026,10.21203/rs.3.rs-3065693/v1,7.744,2.0285
curve_0026,10.21203/rs.3.rs-3065693/v1,7.992,2.0285
curve_0026,10.21203/rs.3.rs-3065693/v1,8.24,2.0285
curve_0026,10.21203/rs.3.rs-3065693/v1,8.488,2.027
curve_0026,10.21203/rs.3.rs-3065693/v1,8.736,2.0255
curve_0026,10.21203/rs.3.rs-3065693/v1,8.984,2.024
curve_0026,10.21203/rs.3.rs-3065693/v1,9.232,2.0225
curve_0026,10.21203/rs.3.rs-3065693/v1,9.48,2.0195
curve_0026,10.21203/rs.3.rs-3065693/v1,9.727,2.0165
curve_0026,10.21203/rs.3.rs-3065693/v1,9.975,2.0136
curve_0028,10.28991/cej-2024-010-11-017,12.998,1.7106
curve_0028,10.28991/cej-2024-010-11-017,17.197,1.7606
curve_0028,10.28991/cej-2024-010-11-017,18.497,1.7006
curve_0028,10.28991/cej-2024-010-11-017,20.997,1.6107
curve_0028,10.28991/cej-2024-010-11-017,22.496,1.5606
curve_0029,10.28991/cej-2024-010-11-017,14.998,1.6506
curve_0029,10.28991/cej-2024-010-11-017,18.197,1.6606
curve_0029,10.28991/cej-2024-010-11-017,19.497,1.6206
curve_0029,10.28991/cej-2024-010-11-017,20.997,1.5507
curve_0029,10.28991/cej-2024-010-11-017,22.996,1.4807
curve_0030,10.34218/ijciet.11.11.2020.005,12.547,1.7507
curve_0030,10.34218/ijciet.11.11.2020.005,13.877,1.7766
curve_0030,10.34218/ijciet.11.11.2020.005,15.126,1.8066
curve_0030,10.34218/ijciet.11.11.2020.005,16.496,1.8186
curve_0030,10.34218/ijciet.11.11.2020.005,17.376,1.8106
curve_0030,10.34218/ijciet.11.11.2020.005,18.486,1.7886
curve_0030,10.34218/ijciet.11.11.2020.005,20.995,1.7547
curve_0031,10.34218/ijciet.11.11.2020.005,12.547,1.7507
curve_0031,10.34218/ijciet.11.11.2020.005,13.197,1.7766
curve_0031,10.34218/ijciet.11.11.2020.005,14.197,1.8186
curve_0031,10.34218/ijciet.11.11.2020.005,15.597,1.8486
curve_0031,10.34218/ijciet.11.11.2020.005,17.376,1.8136
curve_0031,10.34218/ijciet.11.11.2020.005,18.486,1.7886
curve_0031,10.34218/ijciet.11.11.2020.005,20.995,1.7547
curve_0032,10.34218/ijciet.11.11.2020.005,12.547,1.7507
curve_0032,10.34218/ijciet.11.11.2020.005,13.047,1.7766
curve_0032,10.34218/ijciet.11.11.2020.005,13.797,1.8386
curve_0032,10.34218/ijciet.11.11.2020.005,14.696,1.8685
curve_0032,10.34218/ijciet.11.11.2020.005,16.796,1.8386
curve_0032,10.34218/ijciet.11.11.2020.005,18.486,1.7886
curve_0032,10.34218/ijciet.11.11.2020.005,20.995,1.7547
curve_0033,10.34218/ijciet.11.11.2020.005,11.318,1.7864
curve_0033,10.34218/ijciet.11.11.2020.005,11.977,1.8129
curve_0033,10.34218/ijciet.11.11.2020.005,12.657,1.8863
curve_0033,10.34218/ijciet.11.11.2020.005,13.497,1.9067
curve_0033,10.34218/ijciet.11.11.2020.005,16.476,1.8761
curve_0033,10.34218/ijciet.11.11.2020.005,18.486,1.8251
curve_0033,10.34218/ijciet.11.11.2020.005,20.995,1.7905
curve_0034,10.34218/ijciet.11.11.2020.005,10.098,1.7507
curve_0034,10.34218/ijciet.11.11.2020.005,10.917,1.7766
curve_0034,10.34218/ijciet.11.11.2020.005,11.527,1.8486
curve_0034,10.34218/ijciet.11.11.2020.005,12.297,1.9085
curve_0034,10.34218/ijciet.11.11.2020.005,16.146,1.8685
curve_0034,10.34218/ijciet.11.11.2020.005,18.486,1.7886
curve_0034,10.34218/ijciet.11.11.2020.005,20.995,1.7547
curve_0035,10.34218/ijciet.11.11.2020.005,10.098,1.7507
curve_0035,10.34218/ijciet.11.11.2020.005,10.917,1.7766
curve_0035,10.34218/ijciet.11.11.2020.005,11.527,1.8486
curve_0035,10.34218/ijciet.11.11.2020.005,12.297,1.9285
curve_0035,10.34218/ijciet.11.11.2020.005,16.146,1.8685
curve_0035,10.34218/ijciet.11.11.2020.005,18.486,1.7886
curve_0035,10.34218/ijciet.11.11.2020.005,20.995,1.7547
curve_0036,10.34218/ijciet.11.11.2020.005,10.098,1.7547
curve_0036,10.34218/ijciet.11.11.2020.005,10.898,1.7886
curve_0036,10.34218/ijciet.11.11.2020.005,11.197,1.8685
curve_0036,10.34218/ijciet.11.11.2020.005,11.997,1.9321
curve_0036,10.34218/ijciet.11.11.2020.005,16.146,1.8885
curve_0036,10.34218/ijciet.11.11.2020.005,18.486,1.8186
curve_0036,10.34218/ijciet.11.11.2020.005,21.495,1.7547
curve_0037,10.36948/ijfmr.2023.v05i02.2421,3.594,1.0617
curve_0037,10.36948/ijfmr.2023.v05i02.2421,7.694,1.1217
curve_0037,10.36948/ijfmr.2023.v05i02.2421,11.993,1.1616
curve_0037,10.36948/ijfmr.2023.v05i02.2421,15.994,1.2517
curve_0037,10.36948/ijfmr.2023.v05i02.2421,20.891,1.2816
curve_0037,10.36948/ijfmr.2023.v05i02.2421,24.662,1.3216
curve_0037,10.36948/ijfmr.2023.v05i02.2421,30.491,1.3317
curve_0037,10.36948/ijfmr.2023.v05i02.2421,36.19,1.2117
curve_0039,10.36948/ijfmr.2023.v05i02.2421,9.083,1.4917
curve_0039,10.36948/ijfmr.2023.v05i02.2421,13.914,1.5416
curve_0039,10.36948/ijfmr.2023.v05i02.2421,17.092,1.6816
curve_0039,10.36948/ijfmr.2023.v05i02.2421,19.293,1.7216
curve_0039,10.36948/ijfmr.2023.v05i02.2421,22.211,1.6216
curve_0041,10.2478/sgem-2023-0001,26.046,1.1377
curve_0041,10.2478/sgem-2023-0001,26.81,1.1495
curve_0041,10.2478/sgem-2023-0001,27.588,1.1615
curve_0041,10.2478/sgem-2023-0001,28.499,1.1756
curve_0041,10.2478/sgem-2023-0001,29.284,1.1876
curve_0041,10.2478/sgem-2023-0001,30.055,1.1995
curve_0041,10.2478/sgem-2023-0001,30.929,1.2129
curve_0041,10.2478/sgem-2023-0001,31.663,1.224
curve_0041,10.2478/sgem-2023-0001,32.36,1.2343
curve_0041,10.2478/sgem-2023-0001,33.026,1.2449
curve_0041,10.2478/sgem-2023-0001,33.678,1.2561
curve_0041,10.2478/sgem-2023-0001,34.412,1.2689
curve_0041,10.2478/sgem-2023-0001,35.027,1.2795
curve_0041,10.2478/sgem-2023-0001,35.612,1.289
curve_0041,10.2478/sgem-2023-0001,36.272,1.298
curve_0041,10.2478/sgem-2023-0001,36.805,1.3036
curve_0041,10.2478/sgem-2023-0001,37.317,1.3063
curve_0041,10.2478/sgem-2023-0001,37.784,1.3061
curve_0041,10.2478/sgem-2023-0001,38.213,1.3031
curve_0041,10.2478/sgem-2023-0001,38.673,1.2966
curve_0041,10.2478/sgem-2023-0001,39.043,1.2895
curve_0041,10.2478/sgem-2023-0001,39.406,1.2814
curve_0041,10.2478/sgem-2023-0001,39.829,1.2718
curve_0041,10.2478/sgem-2023-0001,40.192,1.2641
curve_0041,10.2478/sgem-2023-0001,40.577,1.2574
curve_0042,10.2478/sgem-2023-0001,25.09,1.188
curve_0042,10.2478/sgem-2023-0001,25.631,1.1967
curve_0042,10.2478/sgem-2023-0001,26.172,1.2057
curve_0042,10.2478/sgem-2023-0001,26.795,1.2166
curve_0042,10.2478/sgem-2023-0001,27.328,1.2258
curve_0042,10.2478/sgem-2023-0001,27.869,1.2345
curve_0042,10.2478/sgem-2023-0001,28.521,1.2439
curve_0042,10.2478/sgem-2023-0001,29.099,1.2509
curve_0042,10.2478/sgem-2023-0001,29.714,1.2564
curve_0042,10.2478/sgem-2023-0001,30.351,1.2611
curve_0042,10.2478/sgem-2023-0001,31.033,1.2652
curve_0042,10.2478/sgem-2023-0001,31.863,1.2691
curve_0042,10.2478/sgem-2023-0001,32.582,1.2713
curve_0042,10.2478/sgem-2023-0001,33.301,1.2728
curve_0042,10.2478/sgem-2023-0001,34.13,1.2729
curve_0042,10.2478/sgem-2023-0001,34.82,1.2717
curve_0042,10.2478/sgem-2023-0001,35.472,1.2689
curve_0042,10.2478/sgem-2023-0001,36.079,1.2645
curve_0042,10.2478/sgem-2023-0001,36.672,1.2581
curve_0042,10.2478/sgem-2023-0001,37.332,1.2487
curve_0042,10.2478/sgem-2023-0001,37.887,1.2396
curve_0042,10.2478/sgem-2023-0001,38.436,1.2298
curve_0042,10.2478/sgem-2023-0001,39.073,1.2183
curve_0042,10.2478/sgem-2023-0001,39.621,1.2087
curve_0042,10.2478/sgem-2023-0001,40.184,1.1998
curve_0043,10.2478/sgem-2023-0001,17.377,1.2718
curve_0043,10.2478/sgem-2023-0001,17.814,1.2998
curve_0043,10.2478/sgem-2023-0001,18.236,1.3299
curve_0043,10.2478/sgem-2023-0001,18.733,1.3662
curve_0043,10.2478/sgem-2023-0001,19.162,1.3969
curve_0043,10.2478/sgem-2023-0001,19.592,1.4258
curve_0043,10.2478/sgem-2023-0001,20.118,1.4556
curve_0043,10.2478/sgem-2023-0001,20.593,1.4764
curve_0043,10.2478/sgem-2023-0001,21.096,1.4913
curve_0043,10.2478/sgem-2023-0001,21.623,1.5001
curve_0043,10.2478/sgem-2023-0001,22.171,1.5037
curve_0043,10.2478/sgem-2023-0001,22.845,1.5024
curve_0043,10.2478/sgem-2023-0001,23.438,1.4979
curve_0043,10.2478/sgem-2023-0001,24.038,1.4912
curve_0043,10.2478/sgem-2023-0001,24.735,1.4819
curve_0043,10.2478/sgem-2023-0001,25.335,1.474
curve_0043,10.2478/sgem-2023-0001,25.92,1.4668
curve_0043,10.2478/sgem-2023-0001,26.491,1.4598
curve_0043,10.2478/sgem-2023-0001,27.061,1.4514
curve_0043,10.2478/sgem-2023-0001,27.728,1.4402
curve_0043,10.2478/sgem-2023-0001,28.291,1.43
curve_0043,10.2478/sgem-2023-0001,28.862,1.4193
curve_0043,10.2478/sgem-2023-0001,29.529,1.4067
curve_0043,10.2478/sgem-2023-0001,30.099,1.3961
curve_0043,10.2478/sgem-2023-0001,30.67,1.386
curve_0044,10.2478/sgem-2023-0001,17.925,1.3042
curve_0044,10.2478/sgem-2023-0001,18.614,1.3142
curve_0044,10.2478/sgem-2023-0001,19.392,1.3259
curve_0044,10.2478/sgem-2023-0001,20.081,1.3364
curve_0044,10.2478/sgem-2023-0001,20.778,1.3464
curve_0044,10.2478/sgem-2023-0001,21.578,1.3563
curve_0044,10.2478/sgem-2023-0001,22.312,1.3634
curve_0044,10.2478/sgem-2023-0001,23.053,1.3694
curve_0044,10.2478/sgem-2023-0001,23.905,1.3751
curve_0044,10.2478/sgem-2023-0001,24.675,1.3791
curve_0044,10.2478/sgem-2023-0001,25.453,1.3818
curve_0044,10.2478/sgem-2023-0001,26.343,1.3828
curve_0044,10.2478/sgem-2023-0001,27.143,1.3819
curve_0044,10.2478/sgem-2023-0001,27.965,1.3786
curve_0044,10.2478/sgem-2023-0001,28.951,1.372
curve_0044,10.2478/sgem-2023-0001,29.833,1.3644
curve_0044,10.2478/sgem-2023-0001,30.692,1.356
curve_0044,10.2478/sgem-2023-0001,31.581,1.3466
curve_0044,10.2478/sgem-2023-0001,32.263,1.3389
curve_0044,10.2478/sgem-2023-0001,32.819,1.3321
curve_0044,10.2478/sgem-2023-0001,33.323,1.3243
curve_0044,10.2478/sgem-2023-0001,33.716,1.3172
curve_0044,10.2478/sgem-2023-0001,34.064,1.3102
curve_0044,10.2478/sgem-2023-0001,34.464,1.3024
curve_0044,10.2478/sgem-2023-0001,34.857,1.2953
curve_0045,10.2478/sgem-2023-0001,32.011,1.2122
curve_0045,10.2478/sgem-2023-0001,32.389,1.2178
curve_0045,10.2478/sgem-2023-0001,32.767,1.2235
curve_0045,10.2478/sgem-2023-0001,33.197,1.23
curve_0045,10.2478/sgem-2023-0001,33.575,1.2356
curve_0045,10.2478/sgem-2023-0001,33.953,1.2412
curve_0045,10.2478/sgem-2023-0001,34.412,1.2476
curve_0045,10.2478/sgem-2023-0001,34.827,1.2531
curve_0045,10.2478/sgem-2023-0001,35.272,1.2582
curve_0045,10.2478/sgem-2023-0001,35.731,1.2642
curve_0045,10.2478/sgem-2023-0001,36.213,1.2712
curve_0045,10.2478/sgem-2023-0001,36.791,1.2799
curve_0045,10.2478/sgem-2023-0001,37.309,1.287
curve_0045,10.2478/sgem-2023-0001,37.835,1.2931
curve_0045,10.2478/sgem-2023-0001,38.458,1.2983
curve_0045,10.2478/sgem-2023-0001,38.999,1.3001
curve_0045,10.2478/sgem-2023-0001,39.547,1.299
curve_0045,10.2478/sgem-2023-0001,40.095,1.2946
curve_0045,10.2478/sgem-2023-0001,40.651,1.2871
curve_0045,10.2478/sgem-2023-0001,41.318,1.2756
curve_0045,10.2478/sgem-2023-0001,41.896,1.2638
curve_0045,10.2478/sgem-2023-0001,42.481,1.2511
curve_0045,10.2478/sgem-2023-0001,43.156,1.2361
curve_0045,10.2478/sgem-2023-0001,43.741,1.2238
curve_0045,10.2478/sgem-2023-0001,44.319,1.2125
curve_0048,10.2478/cee-2024-0071,18.547,1.3168
curve_0048,10.2478/cee-2024-0071,22.552,1.3696
curve_0048,10.2478/cee-2024-0071,26.562,1.3895
curve_0048,10.2478/cee-2024-0071,30.236,1.336
curve_0048,10.2478/cee-2024-0071,33.337,1.289
curve_0049,10.2478/cee-2024-0071,12.002,1.4283
curve_0049,10.2478/cee-2024-0071,16.002,1.4489
curve_0049,10.2478/cee-2024-0071,20.003,1.485
curve_0049,10.2478/cee-2024-0071,24.003,1.4128
curve_0049,10.2478/cee-2024-0071,28.003,1.353
curve_0050,10.2478/cee-2024-0071,7.002,1.4419
curve_0050,10.2478/cee-2024-0071,11.002,1.4576
curve_0050,10.2478/cee-2024-0071,15.002,1.4768
curve_0050,10.2478/cee-2024-0071,19.003,1.4947
curve_0050,10.2478/cee-2024-0071,23.003,1.4185
curve_0051,10.2478/cee-2024-0071,10.002,1.4109
curve_0051,10.2478/cee-2024-0071,14.002,1.4765
curve_0051,10.2478/cee-2024-0071,18.003,1.5208
curve_0051,10.2478/cee-2024-0071,22.003,1.4548
curve_0051,10.2478/cee-2024-0071,26.003,1.4285
curve_0052,10.21203/rs.3.rs-3946487/v1,5.894,1.897
curve_0052,10.21203/rs.3.rs-3946487/v1,8.995,1.9173
curve_0052,10.21203/rs.3.rs-3946487/v1,12.196,1.9325
curve_0052,10.21203/rs.3.rs-3946487/v1,15.096,1.8766
curve_0052,10.21203/rs.3.rs-3946487/v1,17.698,1.8309
curve_0053,10.21203/rs.3.rs-3946487/v1,5.894,1.8614
curve_0053,10.21203/rs.3.rs-3946487/v1,9.295,1.8919
curve_0053,10.21203/rs.3.rs-3946487/v1,11.796,1.963
curve_0053,10.21203/rs.3.rs-3946487/v1,15.096,1.9122
curve_0053,10.21203/rs.3.rs-3946487/v1,18.197,1.8614
curve_0054,10.21203/rs.3.rs-3946487/v1,6.194,1.836
curve_0054,10.21203/rs.3.rs-3946487/v1,9.095,1.9173
curve_0054,10.21203/rs.3.rs-3946487/v1,12.196,1.9783
curve_0054,10.21203/rs.3.rs-3946487/v1,14.897,1.9376
curve_0054,10.21203/rs.3.rs-3946487/v1,17.797,1.8868
curve_0055,10.28991/cej-2019-03091310,4.021,1.0505
curve_0055,10.28991/cej-2019-03091310,7.02,1.1255
curve_0055,10.28991/cej-2019-03091310,10.019,1.1817
curve_0055,10.28991/cej-2019-03091310,13.966,1.2505
curve_0055,10.28991/cej-2019-03091310,15.071,1.263
curve_0055,10.28991/cej-2019-03091310,17.991,1.288
curve_0055,10.28991/cej-2019-03091310,23.991,1.188
curve_0055,10.28991/cej-2019-03091310,28.095,1.1255
curve_0056,10.3208/jgssp.jpn-122,6.842,1.3222
curve_0056,10.3208/jgssp.jpn-122,7.23,1.3238
curve_0056,10.3208/jgssp.jpn-122,7.567,1.3255
curve_0056,10.3208/jgssp.jpn-122,7.877,1.3271
curve_0056,10.3208/jgssp.jpn-122,14.009,1.4002
curve_0056,10.3208/jgssp.jpn-122,14.294,1.4069
curve_0056,10.3208/jgssp.jpn-122,14.578,1.4119
curve_0056,10.3208/jgssp.jpn-122,18.951,1.5713
curve_0056,10.3208/jgssp.jpn-122,19.08,1.578
curve_0056,10.3208/jgssp.jpn-122,19.21,1.583
curve_0056,10.3208/jgssp.jpn-122,19.313,1.5879
curve_0056,10.3208/jgssp.jpn-122,26.454,1.4517
curve_0056,10.3208/jgssp.jpn-122,26.687,1.4401
curve_0056,10.3208/jgssp.jpn-122,26.868,1.4318
curve_0057,10.56726/irjmets39136,7.437,1.701
curve_0057,10.56726/irjmets39136,10.747,1.751
curve_0057,10.56726/irjmets39136,13.366,1.811
curve_0057,10.56726/irjmets39136,16.406,1.841
curve_0057,10.56726/irjmets39136,19.385,1.791
curve_0057,10.56726/irjmets39136,22.554,1.681
curve_0058,10.56726/irjmets39136,7.996,1.691
curve_0058,10.56726/irjmets39136,11.047,1.731
curve_0058,10.56726/irjmets39136,14.256,1.791
curve_0058,10.56726/irjmets39136,16.954,1.831
curve_0058,10.56726/irjmets39136,19.794,1.781
curve_0058,10.56726/irjmets39136,22.603,1.681
curve_0059,10.56726/irjmets39136,8.186,1.661
curve_0059,10.56726/irjmets39136,11.266,1.731
curve_0059,10.56726/irjmets39136,14.035,1.771
curve_0059,10.56726/irjmets39136,17.054,1.811
curve_0059,10.56726/irjmets39136,20.163,1.771
curve_0059,10.56726/irjmets39136,23.203,1.651
curve_0060,10.56726/irjmets39136,8.546,1.671
curve_0060,10.56726/irjmets39136,11.136,1.741
curve_0060,10.56726/irjmets39136,14.176,1.781
curve_0060,10.56726/irjmets39136,17.544,1.801
curve_0060,10.56726/irjmets39136,20.964,1.721
curve_0060,10.56726/irjmets39136,22.433,1.651
curve_0061,10.56726/irjmets39136,9.027,1.641
curve_0061,10.56726/irjmets39136,12.125,1.681
curve_0061,10.56726/irjmets39136,15.236,1.731
curve_0061,10.56726/irjmets39136,18.184,1.781
curve_0061,10.56726/irjmets39136,21.344,1.701
curve_0061,10.56726/irjmets39136,24.084,1.611
curve_0062,10.56726/irjmets39136,10.186,1.611
curve_0062,10.56726/irjmets39136,13.366,1.651
curve_0062,10.56726/irjmets39136,16.216,1.711
curve_0062,10.56726/irjmets39136,19.454,1.761
curve_0062,10.56726/irjmets39136,22.594,1.671
curve_0062,10.56726/irjmets39136,24.862,1.611
curve_0063,10.33736/jcest.5337.2023,3.385,1.7205
curve_0063,10.33736/jcest.5337.2023,5.089,1.7304
curve_0063,10.33736/jcest.5337.2023,6.794,1.7405
curve_0063,10.33736/jcest.5337.2023,8.499,1.7605
curve_0063,10.33736/jcest.5337.2023,10.204,1.7405
curve_0063,10.33736/jcest.5337.2023,11.909,1.7304
curve_0063,10.33736/jcest.5337.2023,13.614,1.7205
curve_0063,10.33736/jcest.5337.2023,15.319,1.7205
curve_0064,10.28991/cej-2023-09-12-05,6.158,1.7704
curve_0064,10.28991/cej-2023-09-12-05,8.987,1.9403
curve_0064,10.28991/cej-2023-09-12-05,12.076,1.9403
curve_0064,10.28991/cej-2023-09-12-05,15.015,1.7504
curve_0065,10.28991/cej-2023-09-12-05,6.006,1.8002
curve_0065,10.28991/cej-2023-09-12-05,8.997,1.9203
curve_0065,10.28991/cej-2023-09-12-05,12.017,1.9203
curve_0065,10.28991/cej-2023-09-12-05,14.988,1.7602
curve_0066,10.28991/cej-2023-09-12-05,9.019,1.7602
curve_0066,10.28991/cej-2023-09-12-05,11.979,1.7803
curve_0066,10.28991/cej-2023-09-12-05,14.989,1.8003
curve_0066,10.28991/cej-2023-09-12-05,17.989,1.7202
curve_0067,10.31276/vjste.2023.0104,9.214,1.5216
curve_0067,10.31276/vjste.2023.0104,11.318,1.5368
curve_0067,10.31276/vjste.2023.0104,12.247,1.5642
curve_0067,10.31276/vjste.2023.0104,14.624,1.6153
curve_0067,10.31276/vjste.2023.0104,19.394,1.4976
curve_0068,10.31276/vjste.2023.0104,7.178,1.5216
curve_0068,10.31276/vjste.2023.0104,9.09,1.5368
curve_0068,10.31276/vjste.2023.0104,10.389,1.5642
curve_0068,10.31276/vjste.2023.0104,12.082,1.6794
curve_0068,10.31276/vjste.2023.0104,19.233,1.4975
curve_0069,10.28991/cej-2021-03091635,16.009,1.3389
curve_0069,10.28991/cej-2021-03091635,16.678,1.352
curve_0069,10.28991/cej-2021-03091635,17.334,1.3645
curve_0069,10.28991/cej-2021-03091635,18.002,1.3757
curve_0069,10.28991/cej-2021-03091635,18.671,1.3863
curve_0069,10.28991/cej-2021-03091635,19.377,1.3962
curve_0069,10.28991/cej-2021-03091635,20.033,1.4041
curve_0069,10.28991/cej-2021-03091635,20.701,1.4113
curve_0069,10.28991/cej-2021-03091635,21.358,1.4166
curve_0069,10.28991/cej-2021-03091635,22.026,1.4219
curve_0069,10.28991/cej-2021-03091635,22.695,1.4251
curve_0069,10.28991/cej-2021-03091635,23.351,1.4278
curve_0069,10.28991/cej-2021-03091635,24.057,1.4284
curve_0069,10.28991/cej-2021-03091635,24.725,1.4284
curve_0069,10.28991/cej-2021-03091635,25.382,1.4271
curve_0069,10.28991/cej-2021-03091635,26.05,1.4245
curve_0069,10.28991/cej-2021-03091635,26.719,1.4205
curve_0069,10.28991/cej-2021-03091635,27.375,1.4153
curve_0069,10.28991/cej-2021-03091635,28.044,1.4087
curve_0069,10.28991/cej-2021-03091635,28.7,1.4014
curve_0069,10.28991/cej-2021-03091635,29.368,1.3922
curve_0069,10.28991/cej-2021-03091635,30.074,1.381
curve_0069,10.28991/cej-2021-03091635,30.743,1.3692
curve_0069,10.28991/cej-2021-03091635,31.399,1.3553
curve_0069,10.28991/cej-2021-03091635,32.067,1.3408
curve_0070,10.28991/cej-2021-03091635,13.966,1.4238
curve_0070,10.28991/cej-2021-03091635,14.635,1.4304
curve_0070,10.28991/cej-2021-03091635,15.303,1.4363
curve_0070,10.28991/cej-2021-03091635,15.959,1.4423
curve_0070,10.28991/cej-2021-03091635,16.628,1.4469
curve_0070,10.28991/cej-2021-03091635,17.334,1.4522
curve_0070,10.28991/cej-2021-03091635,18.002,1.4561
curve_0070,10.28991/cej-2021-03091635,18.659,1.4601
curve_0070,10.28991/cej-2021-03091635,19.327,1.4634
curve_0070,10.28991/cej-2021-03091635,19.983,1.466
curve_0070,10.28991/cej-2021-03091635,20.652,1.468
curve_0070,10.28991/cej-2021-03091635,21.321,1.4693
curve_0070,10.28991/cej-2021-03091635,22.026,1.4699
curve_0070,10.28991/cej-2021-03091635,22.682,1.4706
curve_0070,10.28991/cej-2021-03091635,23.351,1.4699
curve_0070,10.28991/cej-2021-03091635,24.02,1.4693
curve_0070,10.28991/cej-2021-03091635,24.676,1.4673
curve_0070,10.28991/cej-2021-03091635,25.344,1.4653
curve_0070,10.28991/cej-2021-03091635,26.013,1.462
curve_0070,10.28991/cej-2021-03091635,26.669,1.4587
curve_0070,10.28991/cej-2021-03091635,27.338,1.4541
curve_0070,10.28991/cej-2021-03091635,28.044,1.4489
curve_0070,10.28991/cej-2021-03091635,28.712,1.4429
curve_0070,10.28991/cej-2021-03091635,29.368,1.437
curve_0070,10.28991/cej-2021-03091635,30.037,1.4298
curve_0071,10.28991/cej-2021-03091635,13.619,1.4291
curve_0071,10.28991/cej-2021-03091635,14.276,1.437
curve_0071,10.28991/cej-2021-03091635,14.944,1.4443
curve_0071,10.28991/cej-2021-03091635,15.6,1.4515
curve_0071,10.28991/cej-2021-03091635,16.257,1.4574
curve_0071,10.28991/cej-2021-03091635,16.962,1.4627
curve_0071,10.28991/cej-2021-03091635,17.631,1.4673
curve_0071,10.28991/cej-2021-03091635,18.287,1.4713
curve_0071,10.28991/cej-2021-03091635,18.956,1.4739
curve_0071,10.28991/cej-2021-03091635,19.612,1.4765
curve_0071,10.28991/cej-2021-03091635,20.268,1.4778
curve_0071,10.28991/cej-2021-03091635,20.937,1.4785
curve_0071,10.28991/cej-2021-03091635,21.642,1.4785
curve_0071,10.28991/cej-2021-03091635,22.299,1.4778
curve_0071,10.28991/cej-2021-03091635,22.967,1.4765
curve_0071,10.28991/cej-2021-03091635,23.623,1.4746
curve_0071,10.28991/cej-2021-03091635,24.292,1.4719
curve_0071,10.28991/cej-2021-03091635,24.948,1.4686
curve_0071,10.28991/cej-2021-03091635,25.604,1.4647
curve_0071,10.28991/cej-2021-03091635,26.273,1.4594
curve_0071,10.28991/cej-2021-03091635,26.929,1.4541
curve_0071,10.28991/cej-2021-03091635,27.635,1.4475
curve_0071,10.28991/cej-2021-03091635,28.304,1.4403
curve_0071,10.28991/cej-2021-03091635,28.96,1.4331
curve_0071,10.28991/cej-2021-03091635,29.616,1.4245
curve_0072,10.28991/cej-2021-03091635,13.037,1.3916
curve_0072,10.28991/cej-2021-03091635,13.706,1.4047
curve_0072,10.28991/cej-2021-03091635,14.362,1.4166
curve_0072,10.28991/cej-2021-03091635,15.031,1.4278
curve_0072,10.28991/cej-2021-03091635,15.687,1.437
curve_0072,10.28991/cej-2021-03091635,16.393,1.4456
curve_0072,10.28991/cej-2021-03091635,17.061,1.4522
curve_0072,10.28991/cej-2021-03091635,17.718,1.4581
curve_0072,10.28991/cej-2021-03091635,18.386,1.4627
curve_0072,10.28991/cej-2021-03091635,19.055,1.4653
curve_0072,10.28991/cej-2021-03091635,19.711,1.468
curve_0072,10.28991/cej-2021-03091635,20.38,1.4686
curve_0072,10.28991/cej-2021-03091635,21.085,1.4686
curve_0072,10.28991/cej-2021-03091635,21.741,1.4673
curve_0072,10.28991/cej-2021-03091635,22.41,1.4647
curve_0072,10.28991/cej-2021-03091635,23.066,1.4614
curve_0072,10.28991/cej-2021-03091635,23.735,1.4568
curve_0072,10.28991/cej-2021-03091635,24.403,1.4515
curve_0072,10.28991/cej-2021-03091635,25.06,1.4456
curve_0072,10.28991/cej-2021-03091635,25.728,1.4377
curve_0072,10.28991/cej-2021-03091635,26.384,1.4298
curve_0072,10.28991/cej-2021-03091635,27.09,1.4199
curve_0072,10.28991/cej-2021-03091635,27.759,1.41
curve_0072,10.28991/cej-2021-03091635,28.415,1.3988
curve_0072,10.28991/cej-2021-03091635,29.084,1.3869
curve_0073,10.28991/cej-2021-03091635,12.035,1.4074
curve_0073,10.28991/cej-2021-03091635,12.691,1.4212
curve_0073,10.28991/cej-2021-03091635,13.347,1.4337
curve_0073,10.28991/cej-2021-03091635,14.016,1.4449
curve_0073,10.28991/cej-2021-03091635,14.672,1.4555
curve_0073,10.28991/cej-2021-03091635,15.378,1.4653
curve_0073,10.28991/cej-2021-03091635,16.034,1.4732
curve_0073,10.28991/cej-2021-03091635,16.69,1.4798
curve_0073,10.28991/cej-2021-03091635,17.359,1.4858
curve_0073,10.28991/cej-2021-03091635,18.015,1.4904
curve_0073,10.28991/cej-2021-03091635,18.683,1.4937
curve_0073,10.28991/cej-2021-03091635,19.34,1.4956
curve_0073,10.28991/cej-2021-03091635,20.045,1.497
curve_0073,10.28991/cej-2021-03091635,20.701,1.4963
curve_0073,10.28991/cej-2021-03091635,21.358,1.495
curve_0073,10.28991/cej-2021-03091635,22.026,1.4917
curve_0073,10.28991/cej-2021-03091635,22.682,1.4877
curve_0073,10.28991/cej-2021-03091635,23.351,1.4825
curve_0073,10.28991/cej-2021-03091635,24.007,1.4752
curve_0073,10.28991/cej-2021-03091635,24.663,1.4673
curve_0073,10.28991/cej-2021-03091635,25.332,1.4574
curve_0073,10.28991/cej-2021-03091635,26.025,1.4462
curve_0073,10.28991/cej-2021-03091635,26.694,1.4337
curve_0073,10.28991/cej-2021-03091635,27.35,1.4199
curve_0073,10.28991/cej-2021-03091635,28.006,1.4047
curve_0074,10.28991/cej-2021-03091635,11.069,1.4126
curve_0074,10.28991/cej-2021-03091635,11.725,1.4337
curve_0074,10.28991/cej-2021-03091635,12.381,1.4528
curve_0074,10.28991/cej-2021-03091635,13.037,1.4706
curve_0074,10.28991/cej-2021-03091635,13.706,1.4858
curve_0074,10.28991/cej-2021-03091635,14.399,1.5009
curve_0074,10.28991/cej-2021-03091635,15.056,1.5128
curve_0074,10.28991/cej-2021-03091635,15.712,1.5226
curve_0074,10.28991/cej-2021-03091635,16.38,1.5312
curve_0074,10.28991/cej-2021-03091635,17.037,1.5378
curve_0074,10.28991/cej-2021-03091635,17.693,1.5431
curve_0074,10.28991/cej-2021-03091635,18.349,1.5457
curve_0074,10.28991/cej-2021-03091635,19.055,1.547
curve_0074,10.28991/cej-2021-03091635,19.711,1.5464
curve_0074,10.28991/cej-2021-03091635,20.367,1.5444
curve_0074,10.28991/cej-2021-03091635,21.023,1.5404
curve_0074,10.28991/cej-2021-03091635,21.68,1.5345
curve_0074,10.28991/cej-2021-03091635,22.336,1.5266
curve_0074,10.28991/cej-2021-03091635,23.004,1.5174
curve_0074,10.28991/cej-2021-03091635,23.661,1.5062
curve_0074,10.28991/cej-2021-03091635,24.317,1.493
curve_0074,10.28991/cej-2021-03091635,25.01,1.4772
curve_0074,10.28991/cej-2021-03091635,25.679,1.4607
curve_0074,10.28991/cej-2021-03091635,26.335,1.4423
curve_0074,10.28991/cej-2021-03091635,26.991,1.4219
curve_0075,,16.957,1.543
curve_0075,,19.424,1.5655
curve_0075,,22.6,1.5853
curve_0075,,25.703,1.5431
curve_0075,,28.422,1.5058
curve_0076,,16.957,1.5518
curve_0076,,19.314,1.5814
curve_0076,,21.94,1.5997
curve_0076,,24.712,1.5572
curve_0076,,28.065,1.5044
curve_0077,,15.885,1.5496
curve_0077,,18.576,1.5786
curve_0077,,21.486,1.6059
curve_0077,,24.534,1.5619
curve_0077,,28.136,1.5058
curve_0078,,16.385,1.568
curve_0078,,18.852,1.5933
curve_0078,,21.537,1.609
curve_0078,,24.693,1.5535
curve_0078,,27.529,1.517
curve_0079,,16.207,1.5705
curve_0079,,18.768,1.5947
curve_0079,,21.203,1.6138
curve_0079,,23.73,1.5793
curve_0079,,26.136,1.5429
curve_0080,10.29137/umagd.379757,9.109,1.8088
curve_0080,10.29137/umagd.379757,9.514,1.8256
curve_0080,10.29137/umagd.379757,9.918,1.8411
curve_0080,10.29137/umagd.379757,10.242,1.8515
curve_0080,10.29137/umagd.379757,10.648,1.8631
curve_0080,10.29137/umagd.379757,11.053,1.8747
curve_0080,10.29137/umagd.379757,11.376,1.8812
curve_0080,10.29137/umagd.379757,11.78,1.889
curve_0080,10.29137/umagd.379757,12.188,1.8954
curve_0080,10.29137/umagd.379757,12.592,1.9006
curve_0080,10.29137/umagd.379757,12.996,1.9032
curve_0080,10.29137/umagd.379757,13.32,1.9045
curve_0080,10.29137/umagd.379757,13.726,1.9032
curve_0080,10.29137/umagd.379757,14.13,1.9019
curve_0080,10.29137/umagd.379757,14.454,1.8993
curve_0080,10.29137/umagd.379757,14.858,1.8941
curve_0080,10.29137/umagd.379757,15.262,1.889
curve_0080,10.29137/umagd.379757,15.67,1.8799
curve_0080,10.29137/umagd.379757,16.074,1.8708
curve_0080,10.29137/umagd.379757,16.398,1.8618
curve_0080,10.29137/umagd.379757,16.802,1.8502
curve_0080,10.29137/umagd.379757,17.208,1.8359
curve_0080,10.29137/umagd.379757,17.532,1.823
curve_0080,10.29137/umagd.379757,17.936,1.8075
curve_0080,10.29137/umagd.379757,18.34,1.7881
curve_0081,10.29137/umagd.379757,11.133,1.779
curve_0081,10.29137/umagd.379757,11.457,1.7907
curve_0081,10.29137/umagd.379757,11.78,1.7984
curve_0081,10.29137/umagd.379757,12.107,1.8075
curve_0081,10.29137/umagd.379757,12.43,1.8152
curve_0081,10.29137/umagd.379757,12.835,1.823
curve_0081,10.29137/umagd.379757,13.158,1.8282
curve_0081,10.29137/umagd.379757,13.481,1.8333
curve_0081,10.29137/umagd.379757,13.807,1.8359
curve_0081,10.29137/umagd.379757,14.13,1.8398
curve_0081,10.29137/umagd.379757,14.454,1.8411
curve_0081,10.29137/umagd.379757,14.777,1.8424
curve_0081,10.29137/umagd.379757,15.182,1.8424
curve_0081,10.29137/umagd.379757,15.508,1.8411
curve_0081,10.29137/umagd.379757,15.832,1.8398
curve_0081,10.29137/umagd.379757,16.155,1.8372
curve_0081,10.29137/umagd.379757,16.478,1.8333
curve_0081,10.29137/umagd.379757,16.802,1.8295
curve_0081,10.29137/umagd.379757,17.127,1.8243
curve_0081,10.29137/umagd.379757,17.451,1.8178
curve_0081,10.29137/umagd.379757,17.774,1.8113
curve_0081,10.29137/umagd.379757,18.179,1.801
curve_0081,10.29137/umagd.379757,18.505,1.792
curve_0081,10.29137/umagd.379757,18.829,1.7842
curve_0081,10.29137/umagd.379757,19.152,1.7726
curve_0082,10.29137/umagd.379757,12.673,1.7739
curve_0082,10.29137/umagd.379757,13.077,1.7842
curve_0082,10.29137/umagd.379757,13.562,1.7933
curve_0082,10.29137/umagd.379757,13.888,1.7997
curve_0082,10.29137/umagd.379757,14.292,1.8062
curve_0082,10.29137/umagd.379757,14.777,1.8113
curve_0082,10.29137/umagd.379757,15.182,1.8152
curve_0082,10.29137/umagd.379757,15.67,1.8165
curve_0082,10.29137/umagd.379757,15.993,1.8178
curve_0082,10.29137/umagd.379757,16.398,1.8165
curve_0082,10.29137/umagd.379757,16.885,1.8152
curve_0082,10.29137/umagd.379757,17.289,1.8113
curve_0082,10.29137/umagd.379757,17.693,1.8062
curve_0082,10.29137/umagd.379757,18.098,1.801
curve_0082,10.29137/umagd.379757,18.505,1.7933
curve_0082,10.29137/umagd.379757,18.91,1.7842
curve_0082,10.29137/umagd.379757,19.395,1.7739
curve_0082,10.29137/umagd.379757,19.718,1.7635
curve_0082,10.29137/umagd.379757,20.124,1.7506
curve_0082,10.29137/umagd.379757,20.61,1.7364
curve_0082,10.29137/umagd.379757,21.014,1.7195
curve_0082,10.29137/umagd.379757,21.418,1.7015
curve_0082,10.29137/umagd.379757,21.826,1.6859
curve_0082,10.29137/umagd.379757,22.23,1.6665
curve_0082,10.29137/umagd.379757,22.715,1.6446
curve_0083,10.29137/umagd.379757,14.616,1.7583
curve_0083,10.29137/umagd.379757,14.858,1.7635
curve_0083,10.29137/umagd.379757,15.101,1.7674
curve_0083,10.29137/umagd.379757,15.347,1.7713
curve_0083,10.29137/umagd.379757,15.589,1.7752
curve_0083,10.29137/umagd.379757,15.832,1.7777
curve_0083,10.29137/umagd.379757,16.074,1.7803
curve_0083,10.29137/umagd.379757,16.398,1.7829
curve_0083,10.29137/umagd.379757,16.64,1.7842
curve_0083,10.29137/umagd.379757,16.885,1.7842
curve_0083,10.29137/umagd.379757,17.127,1.7842
curve_0083,10.29137/umagd.379757,17.37,1.7842
curve_0083,10.29137/umagd.379757,17.613,1.7829
curve_0083,10.29137/umagd.379757,17.855,1.7829
curve_0083,10.29137/umagd.379757,18.098,1.7803
curve_0083,10.29137/umagd.379757,18.34,1.7777
curve_0083,10.29137/umagd.379757,18.586,1.7764
curve_0083,10.29137/umagd.379757,18.829,1.7726
curve_0083,10.29137/umagd.379757,19.152,1.7674
curve_0083,10.29137/umagd.379757,19.395,1.7622
curve_0083,10.29137/umagd.379757,19.637,1.757
curve_0083,10.29137/umagd.379757,19.88,1.7531
curve_0083,10.29137/umagd.379757,20.124,1.7467
curve_0083,10.29137/umagd.379757,20.367,1.7402
curve_0083,10.29137/umagd.379757,20.61,1.7338
curve_0084,10.29137/umagd.379757,13.32,1.673
curve_0084,10.29137/umagd.379757,13.726,1.6859
curve_0084,10.29137/umagd.379757,14.13,1.6975
curve_0084,10.29137/umagd.379757,14.454,1.7053
curve_0084,10.29137/umagd.379757,14.858,1.7144
curve_0084,10.29137/umagd.379757,15.262,1.7221
curve_0084,10.29137/umagd.379757,15.67,1.7286
curve_0084,10.29137/umagd.379757,16.074,1.7351
curve_0084,10.29137/umagd.379757,16.398,1.7377
curve_0084,10.29137/umagd.379757,16.802,1.7415
curve_0084,10.29137/umagd.379757,17.208,1.7428
curve_0084,10.29137/umagd.379757,17.613,1.7441
curve_0084,10.29137/umagd.379757,18.017,1.7428
curve_0084,10.29137/umagd.379757,18.34,1.7415
curve_0084,10.29137/umagd.379757,18.748,1.7389
curve_0084,10.29137/umagd.379757,19.152,1.7351
curve_0084,10.29137/umagd.379757,19.556,1.7299
curve_0084,10.29137/umagd.379757,19.88,1.7247
curve_0084,10.29137/umagd.379757,20.286,1.717
curve_0084,10.29137/umagd.379757,20.69,1.7079
curve_0084,10.29137/umagd.379757,21.095,1.6975
curve_0084,10.29137/umagd.379757,21.499,1.6859
curve_0084,10.29137/umagd.379757,21.826,1.6769
curve_0084,10.29137/umagd.379757,22.23,1.6626
curve_0084,10.29137/umagd.379757,22.634,1.6484
curve_0085,10.29137/umagd.379757,15.589,1.6782
curve_0085,10.29137/umagd.379757,15.832,1.6872
curve_0085,10.29137/umagd.379757,16.074,1.6937
curve_0085,10.29137/umagd.379757,16.236,1.6962
curve_0085,10.29137/umagd.379757,16.478,1.7028
curve_0085,10.29137/umagd.379757,16.721,1.7066
curve_0085,10.29137/umagd.379757,16.966,1.7118
curve_0085,10.29137/umagd.379757,17.208,1.7157
curve_0085,10.29137/umagd.379757,17.37,1.717
curve_0085,10.29137/umagd.379757,17.613,1.7195
curve_0085,10.29137/umagd.379757,17.855,1.7221
curve_0085,10.29137/umagd.379757,18.098,1.7234
curve_0085,10.29137/umagd.379757,18.34,1.7247
curve_0085,10.29137/umagd.379757,18.505,1.7247
curve_0085,10.29137/umagd.379757,18.748,1.7247
curve_0085,10.29137/umagd.379757,18.99,1.7234
curve_0085,10.29137/umagd.379757,19.233,1.7221
curve_0085,10.29137/umagd.379757,19.395,1.7208
curve_0085,10.29137/umagd.379757,19.637,1.7183
curve_0085,10.29137/umagd.379757,19.88,1.7157
curve_0085,10.29137/umagd.379757,20.124,1.7131
curve_0085,10.29137/umagd.379757,20.367,1.7079
curve_0085,10.29137/umagd.379757,20.529,1.704
curve_0085,10.29137/umagd.379757,20.771,1.6988
curve_0085,10.29137/umagd.379757,21.014,1.6937
curve_0086,10.29137/umagd.379757,14.616,1.6316
curve_0086,10.29137/umagd.379757,14.858,1.6393
curve_0086,10.29137/umagd.379757,15.182,1.6497
curve_0086,10.29137/umagd.379757,15.427,1.6562
curve_0086,10.29137/umagd.379757,15.751,1.6639
curve_0086,10.29137/umagd.379757,15.993,1.6704
curve_0086,10.29137/umagd.379757,16.317,1.6769
curve_0086,10.29137/umagd.379757,16.559,1.682
curve_0086,10.29137/umagd.379757,16.885,1.6872
curve_0086,10.29137/umagd.379757,17.127,1.6911
curve_0086,10.29137/umagd.379757,17.451,1.6962
curve_0086,10.29137/umagd.379757,17.693,1.6988
curve_0086,10.29137/umagd.379757,18.017,1.7015
curve_0086,10.29137/umagd.379757,18.259,1.704
curve_0086,10.29137/umagd.379757,18.505,1.7053
curve_0086,10.29137/umagd.379757,18.829,1.7066
curve_0086,10.29137/umagd.379757,19.071,1.7079
curve_0086,10.29137/umagd.379757,19.395,1.7079
curve_0086,10.29137/umagd.379757,19.637,1.7079
curve_0086,10.29137/umagd.379757,19.961,1.7066
curve_0086,10.29137/umagd.379757,20.205,1.7053
curve_0086,10.29137/umagd.379757,20.529,1.7028
curve_0086,10.29137/umagd.379757,20.771,1.7001
curve_0086,10.29137/umagd.379757,21.095,1.6962
curve_0086,10.29137/umagd.379757,21.337,1.6937
curve_0087,10.29137/umagd.379757,18.098,1.5023
curve_0087,10.29137/umagd.379757,18.421,1.5113
curve_0087,10.29137/umagd.379757,18.748,1.5191
curve_0087,10.29137/umagd.379757,19.071,1.5256
curve_0087,10.29137/umagd.379757,19.395,1.5333
curve_0087,10.29137/umagd.379757,19.718,1.5372
curve_0087,10.29137/umagd.379757,20.041,1.5437
curve_0087,10.29137/umagd.379757,20.367,1.5488
curve_0087,10.29137/umagd.379757,20.69,1.5527
curve_0087,10.29137/umagd.379757,21.014,1.5566
curve_0087,10.29137/umagd.379757,21.337,1.5592
curve_0087,10.29137/umagd.379757,21.661,1.5618
curve_0087,10.29137/umagd.379757,21.987,1.5644
curve_0087,10.29137/umagd.379757,22.311,1.5657
curve_0087,10.29137/umagd.379757,22.634,1.5669
curve_0087,10.29137/umagd.379757,22.958,1.5682
curve_0087,10.29137/umagd.379757,23.283,1.5682
curve_0087,10.29137/umagd.379757,23.607,1.5669
curve_0087,10.29137/umagd.379757,23.93,1.5657
curve_0087,10.29137/umagd.379757,24.253,1.5644
curve_0087,10.29137/umagd.379757,24.577,1.5618
curve_0087,10.29137/umagd.379757,24.904,1.5592
curve_0087,10.29137/umagd.379757,25.227,1.5566
curve_0087,10.29137/umagd.379757,25.55,1.5527
curve_0087,10.29137/umagd.379757,25.874,1.5488
curve_0088,10.29137/umagd.379757,24.253,1.4092
curve_0088,10.29137/umagd.379757,24.496,1.4131
curve_0088,10.29137/umagd.379757,24.819,1.4182
curve_0088,10.29137/umagd.379757,25.065,1.4221
curve_0088,10.29137/umagd.379757,25.389,1.4247
curve_0088,10.29137/umagd.379757,25.631,1.4273
curve_0088,10.29137/umagd.379757,25.874,1.4299
curve_0088,10.29137/umagd.379757,26.197,1.4325
curve_0088,10.29137/umagd.379757,26.44,1.4325
curve_0088,10.29137/umagd.379757,26.685,1.4337
curve_0088,10.29137/umagd.379757,27.008,1.4337
curve_0088,10.29137/umagd.379757,27.25,1.4337
curve_0088,10.29137/umagd.379757,27.493,1.4325
curve_0088,10.29137/umagd.379757,27.816,1.4312
curve_0088,10.29137/umagd.379757,28.059,1.4299
curve_0088,10.29137/umagd.379757,28.385,1.4273
curve_0088,10.29137/umagd.379757,28.627,1.4247
curve_0088,10.29137/umagd.379757,28.87,1.4221
curve_0088,10.29137/umagd.379757,29.193,1.417
curve_0088,10.29137/umagd.379757,29.436,1.4131
curve_0088,10.29137/umagd.379757,29.762,1.4066
curve_0088,10.29137/umagd.379757,30.005,1.4027
curve_0088,10.29137/umagd.379757,30.248,1.3975
curve_0088,10.29137/umagd.379757,30.571,1.3885
curve_0088,10.29137/umagd.379757,30.813,1.3833
curve_0089,10.21203/rs.3.rs-6553459/v1,12.294,1.4577
curve_0089,10.21203/rs.3.rs-6553459/v1,13.494,1.5187
curve_0089,10.21203/rs.3.rs-6553459/v1,14.593,1.5727
curve_0089,10.21203/rs.3.rs-6553459/v1,16.293,1.6207
curve_0089,10.21203/rs.3.rs-6553459/v1,18.093,1.6027
curve_0089,10.21203/rs.3.rs-6553459/v1,20.192,1.5897
curve_0089,10.21203/rs.3.rs-6553459/v1,22.392,1.5717
curve_0090,10.21203/rs.3.rs-6553459/v1,13.794,1.4427
curve_0090,10.21203/rs.3.rs-6553459/v1,15.194,1.4927
curve_0090,10.21203/rs.3.rs-6553459/v1,16.493,1.5547
curve_0090,10.21203/rs.3.rs-6553459/v1,18.093,1.5927
curve_0090,10.21203/rs.3.rs-6553459/v1,19.492,1.5837
curve_0090,10.21203/rs.3.rs-6553459/v1,21.692,1.5687
curve_0090,10.21203/rs.3.rs-6553459/v1,23.791,1.5427
curve_0091,10.21203/rs.3.rs-6553459/v1,14.893,1.4227
curve_0091,10.21203/rs.3.rs-6553459/v1,17.293,1.4787
curve_0091,10.21203/rs.3.rs-6553459/v1,18.592,1.5237
curve_0091,10.21203/rs.3.rs-6553459/v1,20.292,1.5727
curve_0091,10.21203/rs.3.rs-6553459/v1,21.792,1.5527
curve_0091,10.21203/rs.3.rs-6553459/v1,23.392,1.5327
curve_0091,10.21203/rs.3.rs-6553459/v1,25.591,1.5137
curve_0092,10.21203/rs.3.rs-6553459/v1,15.493,1.4007
curve_0092,10.21203/rs.3.rs-6553459/v1,17.793,1.4507
curve_0092,10.21203/rs.3.rs-6553459/v1,20.092,1.5017
curve_0092,10.21203/rs.3.rs-6553459/v1,22.192,1.5547
curve_0092,10.21203/rs.3.rs-6553459/v1,23.791,1.5327
curve_0092,10.21203/rs.3.rs-6553459/v1,25.291,1.5187
curve_0092,10.21203/rs.3.rs-6553459/v1,27.191,1.4967
curve_0093,10.21203/rs.3.rs-6553459/v1,16.193,1.3997
curve_0093,10.21203/rs.3.rs-6553459/v1,18.492,1.4367
curve_0093,10.21203/rs.3.rs-6553459/v1,21.692,1.4857
curve_0093,10.21203/rs.3.rs-6553459/v1,23.791,1.5287
curve_0093,10.21203/rs.3.rs-6553459/v1,25.891,1.5037
curve_0093,10.21203/rs.3.rs-6553459/v1,27.091,1.4917
curve_0093,10.21203/rs.3.rs-6553459/v1,28.491,1.4737
curve_0094,10.21203/rs.3.rs-6553459/v1,16.693,1.3747
curve_0094,10.21203/rs.3.rs-6553459/v1,19.593,1.4127
curve_0094,10.21203/rs.3.rs-6553459/v1,22.492,1.4527
curve_0094,10.21203/rs.3.rs-6553459/v1,25.092,1.4947
curve_0094,10.21203/rs.3.rs-6553459/v1,27.491,1.4747
curve_0094,10.21203/rs.3.rs-6553459/v1,29.191,1.4597
curve_0094,10.21203/rs.3.rs-6553459/v1,30.59,1.4457
curve_0095,10.21203/rs.3.rs-6553459/v1,22.492,1.2877
curve_0095,10.21203/rs.3.rs-6553459/v1,24.591,1.3147
curve_0095,10.21203/rs.3.rs-6553459/v1,26.291,1.3497
curve_0095,10.21203/rs.3.rs-6553459/v1,27.191,1.3827
curve_0095,10.21203/rs.3.rs-6553459/v1,29.291,1.3677
curve_0095,10.21203/rs.3.rs-6553459/v1,31.091,1.3547
curve_0095,10.21203/rs.3.rs-6553459/v1,33.39,1.3327
curve_0096,10.36108/laujoces/3202.01.0260,4.321,1.6684
curve_0096,10.36108/laujoces/3202.01.0260,8.045,1.8409
curve_0096,10.36108/laujoces/3202.01.0260,11.769,2.0134
curve_0096,10.36108/laujoces/3202.01.0260,15.493,1.8815
curve_0096,10.36108/laujoces/3202.01.0260,19.217,1.7394
