curve_id,source_doi,source_title,n_points,fit_rmse,w_opt,S_opt,k_d,k_w,k_d_spread,k_w_spread,k_d_at_bound,k_w_at_bound,k_d_identified,k_w_identified,MDD_Mgm3,OMC_frac,venue,venue_class
curve_0002,10.14525/jjce.v19i1.10,Experimental Study on the Stabilization of Expansive Soil with Blended Fine Cinder Gravel ,4,0.0036,0.23888,0.7595,2.324,0.0,251.9044,0.0,False,True,False,False,1.4542,0.23888,Jordan Journal of Civil Engineering,journal
curve_0003,10.14525/jjce.v19i1.10,Experimental Study on the Stabilization of Expansive Soil with Blended Fine Cinder Gravel ,4,0.0014,0.14339,0.573,1.9431,0.5032,2.7317,0.0,False,False,False,True,1.6042,0.14339,Jordan Journal of Civil Engineering,journal
curve_0004,10.14525/jjce.v19i1.10,Experimental Study on the Stabilization of Expansive Soil with Blended Fine Cinder Gravel ,4,0.0034,0.13686,0.5934,1.8798,0.3699,5.086,0.0,False,False,False,True,1.6562,0.13686,Jordan Journal of Civil Engineering,journal
curve_0005,10.14525/jjce.v19i1.10,Experimental Study on the Stabilization of Expansive Soil with Blended Fine Cinder Gravel ,4,0.0,0.14578,0.6379,1.4756,0.3161,0.0,0.0,False,False,True,True,1.662,0.14578,Jordan Journal of Civil Engineering,journal
curve_0006,10.14525/jjce.v19i1.10,Experimental Study on the Stabilization of Expansive Soil with Blended Fine Cinder Gravel ,4,0.0,0.17359,0.7414,1.0825,0.0042,0.0,0.0,False,False,True,True,1.6468,0.17359,Jordan Journal of Civil Engineering,journal
curve_0007,10.56726/irjmets44189,STABILIZATION OF LATERITE SOIL USING FGD GYPSUM FOR PAVEMENT CONSTRUCTION,4,0.005,0.11959,0.8208,2.0527,0.0,0.0,0.0,False,True,True,False,1.9274,0.11959,International Research Journal of Modernization in Engineering Technology and Science,low_assurance
curve_0008,10.56726/irjmets44189,STABILIZATION OF LATERITE SOIL USING FGD GYPSUM FOR PAVEMENT CONSTRUCTION,4,0.0,0.11179,0.7356,2.59,0.0921,0.0,0.0,False,False,True,True,1.9043,0.11179,International Research Journal of Modernization in Engineering Technology and Science,low_assurance
curve_0009,10.34117/bjdv11n5-028,The influence of rice husk ash and spent catalyst RCC 15 on the unconfined compressive str,4,0.0,0.29049,0.8193,3.5064,0.2065,0.0,0.0,False,False,True,True,1.3742,0.29049,Brazilian Journal of Development,journal
curve_0010,10.21660/2020.77.24546,INVESTIGATION OF CBR-VALUES OF GRANULAR SUB BASE IN VARIOUS DEGREE OF SATURATION (DOS),5,0.0,0.13984,0.7701,1.3632,0.5004,0.0,0.0,False,False,True,True,1.8027,0.13984,International Journal of Geomate,journal
curve_0011,,三郡変成岩風化土の土工上の問題とその改良,4,0.0111,0.35519,0.9493,1.0903,0.5441,0.0,0.4559,False,False,True,False,1.3381,0.35519,Institutional Repositories DataBase (IRDB),journal
curve_0012,10.28991/cej-2019-03091277,The Effect of Lining Material on the Permeability of Clayey Soil,6,0.0214,0.18022,0.9407,1.5697,0.0111,0.0,0.0,False,False,True,True,1.7708,0.18022,Civil Engineering Journal,journal
curve_0013,10.28991/cej-2019-03091277,The Effect of Lining Material on the Permeability of Clayey Soil,4,0.0387,0.1563,0.8625,2.6292,0.5023,0.0,0.3238,False,False,True,False,1.8039,0.1563,Civil Engineering Journal,journal
curve_0014,10.28991/cej-2019-03091277,The Effect of Lining Material on the Permeability of Clayey Soil,5,0.0039,0.19075,0.9594,1.5999,0.0,0.0,0.0,False,True,True,False,1.7484,0.19075,Civil Engineering Journal,journal
curve_0015,10.28991/cej-2019-03091277,The Effect of Lining Material on the Permeability of Clayey Soil,5,0.0014,0.1961,0.9634,1.5979,0.0,0.0,0.0,False,True,True,False,1.7341,0.1961,Civil Engineering Journal,journal
curve_0016,10.20961/ijcee.v9i1.64990,STABILIZATION OF LATERITIC SOIL SAMPLE FROM IJOKO WITH CEMENT KILN DUST AND LIME,5,0.0029,0.11374,0.7231,1.2709,0.3467,0.0,0.0,False,False,True,True,1.8853,0.11374,Indonesian Journal Of Civil Engineering Education,journal
curve_0017,10.1051/e3sconf/20199218002,Compacted states and physical properties of soil controlled by the degree of saturation du,25,0.0036,0.24675,0.9547,1.0,0.196,0.0,0.0,True,False,False,True,1.5833,0.24675,E3S Web of Conferences,journal
curve_0018,10.1051/e3sconf/20199218002,Compacted states and physical properties of soil controlled by the degree of saturation du,25,0.0037,0.37906,0.8063,1.1473,0.9408,0.0,0.9406,False,False,True,False,1.1859,0.37906,E3S Web of Conferences,journal
curve_0019,10.1051/e3sconf/20199218002,Compacted states and physical properties of soil controlled by the degree of saturation du,25,0.0015,0.42843,0.9519,1.2429,0.5464,0.0223,0.086,False,False,True,True,1.2148,0.42843,E3S Web of Conferences,journal
curve_0020,10.1051/e3sconf/20199218002,Compacted states and physical properties of soil controlled by the degree of saturation du,25,0.0025,0.2894,0.9261,1.0,0.2004,0.0,0.0,True,False,False,True,1.4585,0.2894,E3S Web of Conferences,journal
curve_0021,10.1051/e3sconf/20199218002,Compacted states and physical properties of soil controlled by the degree of saturation du,25,0.0018,0.17805,0.9299,1.5927,0.0377,0.0,0.0,False,False,True,True,1.7712,0.17805,E3S Web of Conferences,journal
curve_0022,10.1051/e3sconf/20199218002,Compacted states and physical properties of soil controlled by the degree of saturation du,25,0.0016,0.09386,0.9269,1.4664,0.0243,0.0,0.0,False,False,True,True,2.108,0.09386,E3S Web of Conferences,journal
curve_0023,10.21203/rs.3.rs-3065693/v1,Influence of Calcium Carbonate Sludge on Cement-Stabilized Subgrade Quality as Investigate,4,0.0013,0.08334,0.8701,1.1634,0.5004,0.0,0.3924,False,False,True,False,2.1326,0.08334,Research Square,preprint
curve_0024,10.21203/rs.3.rs-3065693/v1,Influence of Calcium Carbonate Sludge on Cement-Stabilized Subgrade Quality as Investigate,4,0.0048,0.08068,0.6835,1.1527,0.7496,0.0,0.5408,False,False,True,False,2.036,0.08068,Research Square,preprint
curve_0025,10.21203/rs.3.rs-3065693/v1,Influence of Calcium Carbonate Sludge on Cement-Stabilized Subgrade Quality as Investigate,25,0.0025,0.0734,0.7598,1.1757,0.7878,0.0088,0.0232,False,False,True,True,2.1289,0.0734,Research Square,preprint
curve_0026,10.21203/rs.3.rs-3065693/v1,Influence of Calcium Carbonate Sludge on Cement-Stabilized Subgrade Quality as Investigate,25,0.002,0.07384,0.621,1.158,0.8957,0.0109,0.0332,False,False,True,True,2.0323,0.07384,Research Square,preprint
curve_0028,10.28991/cej-2024-010-11-017,Utilizing Recycled Rubber and Municipal Waste Incineration Fly Ash in Cement-Stabilized Cl,5,0.0103,0.17101,0.8569,1.2109,0.0,32.9922,0.0,False,True,False,False,1.7461,0.17101,Civil Engineering Journal,journal
curve_0029,10.28991/cej-2024-010-11-017,Utilizing Recycled Rubber and Municipal Waste Incineration Fly Ash in Cement-Stabilized Cl,5,0.0117,0.18179,0.7812,1.0,0.0,161.0157,0.0,True,True,False,False,1.6506,0.18179,Civil Engineering Journal,journal
curve_0030,10.34218/ijciet.11.11.2020.005,EVALUATION OF SALT WATER EFFECT ON THE PHYSICAL PROPERTIES AND COMPACTION CHARACTERISTICS ,7,0.0151,0.16069,0.9155,1.4972,0.7373,0.0632,0.3383,False,False,True,False,1.8226,0.16069,INTERNATIONAL JOURNAL OF CIVIL ENGINEERING AND TECHNOLOGY (IJCIET),low_assurance
curve_0031,10.34218/ijciet.11.11.2020.005,EVALUATION OF SALT WATER EFFECT ON THE PHYSICAL PROPERTIES AND COMPACTION CHARACTERISTICS ,7,0.015,0.15264,0.9225,1.9249,0.4003,0.1493,0.0838,False,False,True,True,1.8567,0.15264,INTERNATIONAL JOURNAL OF CIVIL ENGINEERING AND TECHNOLOGY (IJCIET),low_assurance
curve_0032,10.34218/ijciet.11.11.2020.005,EVALUATION OF SALT WATER EFFECT ON THE PHYSICAL PROPERTIES AND COMPACTION CHARACTERISTICS ,7,0.0154,0.14385,0.8952,2.5783,0.6083,0.2449,0.665,False,False,False,False,1.8732,0.14385,INTERNATIONAL JOURNAL OF CIVIL ENGINEERING AND TECHNOLOGY (IJCIET),low_assurance
curve_0033,10.34218/ijciet.11.11.2020.005,EVALUATION OF SALT WATER EFFECT ON THE PHYSICAL PROPERTIES AND COMPACTION CHARACTERISTICS ,7,0.0327,0.13153,0.8749,2.5277,0.747,0.2331,0.8889,False,False,False,False,1.9103,0.13153,INTERNATIONAL JOURNAL OF CIVIL ENGINEERING AND TECHNOLOGY (IJCIET),low_assurance
curve_0034,10.34218/ijciet.11.11.2020.005,EVALUATION OF SALT WATER EFFECT ON THE PHYSICAL PROPERTIES AND COMPACTION CHARACTERISTICS ,7,0.0191,0.13111,0.9348,2.4134,0.3061,0.0,0.7325,False,False,True,False,1.9478,0.13111,INTERNATIONAL JOURNAL OF CIVIL ENGINEERING AND TECHNOLOGY (IJCIET),low_assurance
curve_0035,10.34218/ijciet.11.11.2020.005,EVALUATION OF SALT WATER EFFECT ON THE PHYSICAL PROPERTIES AND COMPACTION CHARACTERISTICS ,7,0.021,0.13235,0.9905,2.5685,0.0207,0.0,0.9793,False,False,True,False,1.9733,0.13235,INTERNATIONAL JOURNAL OF CIVIL ENGINEERING AND TECHNOLOGY (IJCIET),low_assurance
curve_0036,10.34218/ijciet.11.11.2020.005,EVALUATION OF SALT WATER EFFECT ON THE PHYSICAL PROPERTIES AND COMPACTION CHARACTERISTICS ,7,0.0286,0.12867,0.9989,2.8414,0.9995,0.0,0.7811,False,False,True,False,1.9923,0.12867,INTERNATIONAL JOURNAL OF CIVIL ENGINEERING AND TECHNOLOGY (IJCIET),low_assurance
curve_0037,10.36948/ijfmr.2023.v05i02.2421,A Study on Stabilization of Black Cotton Soil using Fly Ash and Rice Husk Ash,8,0.0195,0.30415,0.8038,1.2085,0.0,0.0,0.0,False,True,True,False,1.3306,0.30415,International Journal For Multidisciplinary Research,low_assurance
curve_0039,10.36948/ijfmr.2023.v05i02.2421,A Study on Stabilization of Black Cotton Soil using Fly Ash and Rice Husk Ash,5,0.0313,0.19485,0.9111,1.4765,0.0075,0.0,0.1031,False,False,True,True,1.7036,0.19485,International Journal For Multidisciplinary Research,low_assurance
curve_0041,10.2478/sgem-2023-0001,Effect of Specimens’ Height to Diameter Ratio on Unconfined Compressive Strength of Cohesi,25,0.0028,0.37599,0.966,1.7339,0.0,0.0,0.0,False,True,True,False,1.3117,0.37599,Studia Geotechnica et Mechanica,journal
curve_0042,10.2478/sgem-2023-0001,Effect of Specimens’ Height to Diameter Ratio on Unconfined Compressive Strength of Cohesi,25,0.0062,0.338,0.8398,1.4672,0.2873,0.0344,0.0804,False,False,True,True,1.2893,0.338,Studia Geotechnica et Mechanica,journal
curve_0043,10.2478/sgem-2023-0001,Effect of Specimens’ Height to Diameter Ratio on Unconfined Compressive Strength of Cohesi,25,0.0081,0.21448,0.7577,2.7734,0.476,0.1124,0.0419,False,False,True,True,1.5239,0.21448,Studia Geotechnica et Mechanica,journal
curve_0044,10.2478/sgem-2023-0001,Effect of Specimens’ Height to Diameter Ratio on Unconfined Compressive Strength of Cohesi,25,0.0056,0.26814,0.782,1.3189,0.4821,0.0239,0.0451,False,False,True,True,1.3966,0.26814,Studia Geotechnica et Mechanica,journal
curve_0045,10.2478/sgem-2023-0001,Effect of Specimens’ Height to Diameter Ratio on Unconfined Compressive Strength of Cohesi,25,0.0037,0.39096,0.9966,1.6979,0.0,0.0262,1.0,False,True,True,False,1.3064,0.39096,Studia Geotechnica et Mechanica,journal
curve_0048,10.2478/cee-2024-0071,The Effect of Adding Mixture of Gypsum-Lime with Geopolymer on the Properties of Swelling ,5,0.0014,0.25709,0.7592,1.4031,0.3418,0.0,0.0,False,False,True,True,1.4049,0.25709,Civil and Environmental Engineering,journal
curve_0049,10.2478/cee-2024-0071,The Effect of Adding Mixture of Gypsum-Lime with Geopolymer on the Properties of Swelling ,5,0.0041,0.20101,0.6657,1.164,0.4202,0.0,0.0,False,False,True,True,1.4813,0.20101,Civil and Environmental Engineering,journal
curve_0050,10.2478/cee-2024-0071,The Effect of Adding Mixture of Gypsum-Lime with Geopolymer on the Properties of Swelling ,5,0.0032,0.20014,0.6754,1.0788,0.1871,0.0,0.412,False,False,True,False,1.4937,0.20014,Civil and Environmental Engineering,journal
curve_0051,10.2478/cee-2024-0071,The Effect of Adding Mixture of Gypsum-Lime with Geopolymer on the Properties of Swelling ,5,0.0058,0.17637,0.6205,1.2929,0.618,0.0,0.0,False,False,True,True,1.5211,0.17637,Civil and Environmental Engineering,journal
curve_0052,10.21203/rs.3.rs-3946487/v1,Weak Soil Modifications Using Sustainable Recycled Municipal Solid Waste Ash,5,0.0059,0.12447,0.8637,1.0892,0.4663,0.0,0.1498,False,False,True,True,1.9333,0.12447,Research Square,preprint
curve_0053,10.21203/rs.3.rs-3946487/v1,Weak Soil Modifications Using Sustainable Recycled Municipal Solid Waste Ash,5,0.03,0.12725,0.9227,1.2437,0.4968,0.0,0.8771,False,False,True,False,1.9568,0.12725,Research Square,preprint
curve_0054,10.21203/rs.3.rs-3946487/v1,Weak Soil Modifications Using Sustainable Recycled Municipal Solid Waste Ash,5,0.0338,0.12374,0.9392,1.3821,0.4998,0.0211,0.7938,False,False,True,False,1.9807,0.12374,Research Square,preprint
curve_0055,10.28991/cej-2019-03091310,Physiochemical Characterization and Dematerialization of Coal Class F Flyash Residues from,8,0.0054,0.18494,0.4616,1.2483,0.3979,0.0,0.0,False,False,True,True,1.2923,0.18494,Civil Engineering Journal,journal
curve_0056,10.3208/jgssp.jpn-122,Geotechnical utilisation of soil generated from earthquake waste-derived wood chips,14,0.0378,0.21764,0.8315,1.3687,0.0,0.0,0.0,False,True,True,False,1.5751,0.21764,Japanese Geotechnical Society Special Publication,journal
curve_0057,10.56726/irjmets39136,EFFECT OF BAGASSE FIBER ON CBR AND SWELLING CHARACTERISTICS OF A-7-6 SOIL,6,0.0136,0.16416,0.9639,1.3032,0.9993,0.0,0.9806,False,False,True,False,1.8401,0.16416,International Research Journal of Modernization in Engineering Technology and Science,low_assurance
curve_0058,10.56726/irjmets39136,EFFECT OF BAGASSE FIBER ON CBR AND SWELLING CHARACTERISTICS OF A-7-6 SOIL,6,0.015,0.17357,0.9981,1.3093,0.0155,0.0,0.9738,False,False,True,False,1.828,0.17357,International Research Journal of Modernization in Engineering Technology and Science,low_assurance
curve_0059,10.56726/irjmets39136,EFFECT OF BAGASSE FIBER ON CBR AND SWELLING CHARACTERISTICS OF A-7-6 SOIL,6,0.0128,0.17049,0.9523,1.3328,0.4986,0.0003,0.9713,False,False,True,False,1.8111,0.17049,International Research Journal of Modernization in Engineering Technology and Science,low_assurance
curve_0060,10.56726/irjmets39136,EFFECT OF BAGASSE FIBER ON CBR AND SWELLING CHARACTERISTICS OF A-7-6 SOIL,6,0.0098,0.17004,0.9701,1.3565,0.0501,0.0,0.0,False,False,True,True,1.8234,0.17004,International Research Journal of Modernization in Engineering Technology and Science,low_assurance
curve_0061,10.56726/irjmets39136,EFFECT OF BAGASSE FIBER ON CBR AND SWELLING CHARACTERISTICS OF A-7-6 SOIL,6,0.0083,0.18661,0.9829,1.3182,0.0,0.0,0.0,False,True,True,False,1.7763,0.18661,International Research Journal of Modernization in Engineering Technology and Science,low_assurance
curve_0062,10.56726/irjmets39136,EFFECT OF BAGASSE FIBER ON CBR AND SWELLING CHARACTERISTICS OF A-7-6 SOIL,6,0.0081,0.19461,0.9873,1.3741,0.0918,0.0,0.9886,False,False,True,False,1.7536,0.19461,International Research Journal of Modernization in Engineering Technology and Science,low_assurance
curve_0063,10.33736/jcest.5337.2023,COMPACTION CHARACTERISTICS AND WORKABILITY OF THE LATERITIC SOIL-IRON ORE TAILINGS IN PAVE,8,0.0039,0.08499,0.431,1.0633,0.8973,0.0,0.0,False,False,True,True,1.7534,0.08499,Journal of Civil Engineering Science and Technology,journal
curve_0064,10.28991/cej-2023-09-12-05,Utilization of Ionic Organic Polymer to Improve Performance and Properties of Problematic ,4,0.0229,0.10239,0.7978,1.7894,0.0,0.0,0.0,False,True,True,False,1.9941,0.10239,Civil Engineering Journal,journal
curve_0065,10.28991/cej-2023-09-12-05,Utilization of Ionic Organic Polymer to Improve Performance and Properties of Problematic ,4,0.0116,0.10659,0.7891,1.523,0.0,0.0,0.0,False,True,True,False,1.9676,0.10659,Civil Engineering Journal,journal
curve_0066,10.28991/cej-2023-09-12-05,Utilization of Ionic Organic Polymer to Improve Performance and Properties of Problematic ,4,0.001,0.15628,0.8605,1.1314,0.0291,0.0,0.214,False,False,True,False,1.8026,0.15628,Civil Engineering Journal,journal
curve_0067,10.31276/vjste.2023.0104,Geotechnical properties of cement-stabilised fill material: Developing a linear regression,5,0.0101,0.15146,0.6126,1.3125,0.2908,0.0,0.3377,False,False,True,False,1.612,0.15146,Ministry of Science and Technology Vietnam,journal
curve_0068,10.31276/vjste.2023.0104,Geotechnical properties of cement-stabilised fill material: Developing a linear regression,5,0.0284,0.13316,0.5877,1.4259,0.2854,0.0,0.4996,False,False,True,False,1.6675,0.13316,Ministry of Science and Technology Vietnam,journal
curve_0069,10.28991/cej-2021-03091635,Unconfined Compressive Strength Characteristics of Overboulder Asbuton and Zeolite Stabili,25,0.0067,0.25004,0.7827,1.3173,0.453,0.0205,0.0492,False,False,True,True,1.4438,0.25004,Civil Engineering Journal,journal
curve_0070,10.28991/cej-2021-03091635,Unconfined Compressive Strength Characteristics of Overboulder Asbuton and Zeolite Stabili,25,0.0031,0.23046,0.7592,1.1492,0.7611,0.0087,0.0245,False,False,True,True,1.4778,0.23046,Civil Engineering Journal,journal
curve_0071,10.28991/cej-2021-03091635,Unconfined Compressive Strength Characteristics of Overboulder Asbuton and Zeolite Stabili,25,0.0041,0.22025,0.7364,1.1651,0.7194,0.0118,0.0254,False,False,True,True,1.4876,0.22025,Civil Engineering Journal,journal
curve_0072,10.28991/cej-2021-03091635,Unconfined Compressive Strength Characteristics of Overboulder Asbuton and Zeolite Stabili,25,0.0061,0.21367,0.7086,1.2454,0.5874,0.0,0.0,False,False,True,True,1.4823,0.21367,Civil Engineering Journal,journal
curve_0073,10.28991/cej-2021-03091635,Unconfined Compressive Strength Characteristics of Overboulder Asbuton and Zeolite Stabili,25,0.0067,0.21021,0.729,1.2544,0.5034,0.0323,0.0905,False,False,True,True,1.5117,0.21021,Civil Engineering Journal,journal
curve_0074,10.28991/cej-2021-03091635,Unconfined Compressive Strength Characteristics of Overboulder Asbuton and Zeolite Stabili,25,0.0096,0.19953,0.7548,1.3616,0.3453,0.0225,0.0585,False,False,True,True,1.5687,0.19953,Civil Engineering Journal,journal
curve_0075,,The Characterisation of the Strength Development of A Cement-Stabilised Soft Soil Treated ,5,0.0008,0.22401,0.8744,1.2537,0.4707,0.028,0.0351,False,False,True,True,1.589,0.22401,Liverpool John Moores University,journal
curve_0076,,The Characterisation of the Strength Development of A Cement-Stabilised Soft Soil Treated ,5,0.0012,0.21606,0.8668,1.3495,0.4064,0.0,0.0,False,False,True,True,1.6067,0.21606,Liverpool John Moores University,journal
curve_0077,,The Characterisation of the Strength Development of A Cement-Stabilised Soft Soil Treated ,5,0.0001,0.21844,0.8793,1.2873,0.3756,0.0,0.0,False,False,True,True,1.6089,0.21844,Liverpool John Moores University,journal
curve_0078,,The Characterisation of the Strength Development of A Cement-Stabilised Soft Soil Treated ,5,0.0016,0.21168,0.859,1.2782,0.4227,0.0,0.0,False,False,True,True,1.6141,0.21168,Liverpool John Moores University,journal
curve_0079,,The Characterisation of the Strength Development of A Cement-Stabilised Soft Soil Treated ,5,0.0002,0.21497,0.8752,1.2496,0.4217,0.0,0.0,False,False,True,True,1.6162,0.21497,Liverpool John Moores University,journal
curve_0080,10.29137/umagd.379757,Prediction of Compaction Behaviour of Soils at Different Energy Levels,25,0.0035,0.12445,0.8217,1.5242,0.8882,0.0235,0.1047,False,False,True,True,1.9063,0.12445,Uluslararası mühendislik araştırma ve geliştirme dergisi,journal
curve_0081,10.29137/umagd.379757,Prediction of Compaction Behaviour of Soils at Different Energy Levels,25,0.003,0.14569,0.8688,1.4077,0.7466,0.024,0.043,False,False,True,True,1.849,0.14569,Uluslararası mühendislik araştırma ve geliştirme dergisi,journal
curve_0082,10.29137/umagd.379757,Prediction of Compaction Behaviour of Soils at Different Energy Levels,25,0.0068,0.15366,0.8723,1.3858,0.8579,0.0679,0.1348,False,False,True,True,1.8205,0.15366,Uluslararası mühendislik araştırma ve geliştirme dergisi,journal
curve_0083,10.29137/umagd.379757,Prediction of Compaction Behaviour of Soils at Different Energy Levels,25,0.0028,0.16722,0.8973,1.3329,0.8259,0.0525,0.0958,False,False,True,True,1.7874,0.16722,Uluslararası mühendislik araştırma ve geliştirme dergisi,journal
curve_0084,10.29137/umagd.379757,Prediction of Compaction Behaviour of Soils at Different Energy Levels,25,0.0065,0.18196,0.9284,1.383,0.282,0.0643,0.1125,False,False,True,True,1.7571,0.18196,Uluslararası mühendislik araştırma ve geliştirme dergisi,journal
curve_0085,10.29137/umagd.379757,Prediction of Compaction Behaviour of Soils at Different Energy Levels,25,0.003,0.18414,0.9002,1.4522,0.6038,0.0537,0.0756,False,False,True,True,1.731,0.18414,Uluslararası mühendislik araştırma ve geliştirme dergisi,journal
curve_0086,10.29137/umagd.379757,Prediction of Compaction Behaviour of Soils at Different Energy Levels,25,0.003,0.18143,0.8563,1.5366,0.8935,0.0411,0.0623,False,False,True,True,1.7094,0.18143,Uluslararası mühendislik araştırma ve geliştirme dergisi,journal
curve_0087,10.29137/umagd.379757,Prediction of Compaction Behaviour of Soils at Different Energy Levels,25,0.003,0.22148,0.8419,1.4833,0.8199,0.0431,0.0657,False,False,True,True,1.5718,0.22148,Uluslararası mühendislik araştırma ve geliştirme dergisi,journal
curve_0088,10.29137/umagd.379757,Prediction of Compaction Behaviour of Soils at Different Energy Levels,25,0.003,0.27664,0.8599,1.2854,0.2922,0.0362,0.0473,False,False,True,True,1.4391,0.27664,Uluslararası mühendislik araştırma ve geliştirme dergisi,journal
curve_0089,10.21203/rs.3.rs-6553459/v1,Geotechnical Performance and Prediction of Fly Ash–Waste Paper Sludge Stabilized Soils via,7,0.0011,0.15809,0.6522,2.0182,0.7671,0.0,0.0,False,False,True,True,1.6246,0.15809,Research Square,preprint
curve_0090,10.21203/rs.3.rs-6553459/v1,Geotechnical Performance and Prediction of Fly Ash–Waste Paper Sludge Stabilized Soils via,7,0.0044,0.17822,0.7057,1.9431,0.7253,0.0,0.0,False,False,True,True,1.5982,0.17822,Research Square,preprint
curve_0091,10.21203/rs.3.rs-6553459/v1,Geotechnical Performance and Prediction of Fly Ash–Waste Paper Sludge Stabilized Soils via,7,0.0053,0.20352,0.7691,1.733,0.6323,0.0,0.0,False,False,True,True,1.568,0.20352,Research Square,preprint
curve_0092,10.21203/rs.3.rs-6553459/v1,Geotechnical Performance and Prediction of Fly Ash–Waste Paper Sludge Stabilized Soils via,7,0.0039,0.22302,0.8211,1.6408,0.5891,0.0,0.0,False,False,True,True,1.551,0.22302,Research Square,preprint
curve_0093,10.21203/rs.3.rs-6553459/v1,Geotechnical Performance and Prediction of Fly Ash–Waste Paper Sludge Stabilized Soils via,7,0.004,0.24107,0.8554,1.4949,0.5249,0.0,0.0,False,False,True,True,1.5268,0.24107,Research Square,preprint
curve_0094,10.21203/rs.3.rs-6553459/v1,Geotechnical Performance and Prediction of Fly Ash–Waste Paper Sludge Stabilized Soils via,7,0.0036,0.25564,0.8639,1.4369,0.5929,0.0,0.0,False,False,True,True,1.4947,0.25564,Research Square,preprint
curve_0095,10.21203/rs.3.rs-6553459/v1,Geotechnical Performance and Prediction of Fly Ash–Waste Paper Sludge Stabilized Soils via,7,0.0064,0.27782,0.7939,1.718,0.5991,0.0,0.0,False,False,True,True,1.383,0.27782,Research Square,preprint
curve_0096,10.36108/laujoces/3202.01.0260,Geotechnical Stabilization Potential of Cement Admixed with Rice Husk Ash on the Crude Oil,5,0.0188,0.12191,0.9643,1.5777,0.0,0.0,0.0,False,True,True,False,2.0018,0.12191,LAUTECH Journal of Civil and Environmental Studies,journal
